GEOID,median_home_value,median_home_value_owner,median_gross_rent_x,median_year_built,median_hh_income,monthly_owner_cost,median_gross_rent_y,avg_housing_cost,ht_cost_very_low_income,ht_cost_low_income,ht_cost_moderate_income,affordability_pctile_very_low,affordability_pctile_low,affordability_pctile_moderate,lmi_population,total_population,lmi_pct,hh_at_30pct_ami,hh_at_50pct_ami,hh_at_80pct_ami,cost_burdened_30pct_ami,cost_burdened_50pct_ami,cost_burdened_80pct_ami,affordable_units_30pct_ami,affordable_units_50pct_ami
48439100101,104300.0,106300.0,799.0,1957.0,43971.0,1057.0,881.0,994.7879133,50.39479571,108.7803696,59.66505521,62.75617636,4.674572406,27.20307868,3065.0,5480.0,55.93,95.0,460.0,910.0,60.0,270.0,325.0,10.0,59.0
48439100102,170600.0,202700.0,867.0,1952.0,54330.0,1352.0,840.0,1150.823091,50.45174697,108.1272998,59.5067452,57.79627561,8.213035382,25.19590317,2915.0,4600.0,63.37,185.0,535.0,795.0,160.0,365.0,500.0,40.0,330.0
48439100201,81900.0,84800.0,727.0,1964.0,35519.0,949.0,936.0,943.3923729,49.26506953,105.4170315,58.06065736,83.34932203,12.33288136,39.38627119,3680.0,5160.0,71.32,315.0,690.0,1040.0,275.0,500.0,585.0,45.0,170.0
48439100202,87900.0,108000.0,724.0,1960.0,41598.0,997.0,780.0,908.3863636,49.96432886,106.4360264,58.71963208,73.81212121,7.173607038,34.64919355,3885.0,5170.0,75.15,260.0,560.0,945.0,220.0,375.0,430.0,20.0,190.0
48439100300,110100.0,86700.0,904.0,1997.0,33550.0,1031.0,724.0,933.5099237,50.2097068,107.0968317,58.95290316,77.59368957,10.24671756,45.22801527,3445.0,4690.0,73.45,505.0,850.0,1160.0,405.0,645.0,710.0,45.0,310.0
48439100400,,,,,32423.0,942.0,725.0,845.8515625,48.42706501,104.9606833,57.46119346,82.9859375,19.703125,45.71930804,5210.0,8365.0,62.28,,,,,,,,
48439100401,131800.0,144600.0,657.0,1957.0,,,,,,,,,,,,,,185.0,210.0,330.0,150.0,150.0,154.0,40.0,125.0
48439100402,79000.0,63800.0,641.0,1941.0,,,,,,,,,,,,,,360.0,545.0,790.0,215.0,315.0,345.0,125.0,320.0
48439100501,,,,,33165.0,1124.0,899.0,984.2363515,48.08004765,110.5529125,58.85346346,76.22083888,13.62423435,42.58142477,5815.0,8330.0,69.81,,,,,,,,
48439100502,,,,,38962.0,1101.0,796.0,985.8031865,49.53811088,106.5359658,58.40128045,75.62496095,9.748828491,38.03533271,4735.0,6965.0,67.98,,,,,,,,
48439100503,92600.0,83100.0,758.0,1955.0,,,,,,,,,,,,,,15.0,225.0,435.0,4.0,209.0,259.0,0.0,95.0
48439100504,95300.0,93100.0,638.0,1958.0,,,,,,,,,,,,,,230.0,490.0,855.0,225.0,330.0,350.0,0.0,215.0
48439100505,144800.0,184500.0,848.0,1993.0,,,,,,,,,,,,,,240.0,710.0,1260.0,185.0,540.0,740.0,15.0,305.0
48439100506,95800.0,154700.0,562.0,1973.0,,,,,,,,,,,,,,220.0,545.0,925.0,110.0,200.0,245.0,110.0,240.0
48439100601,239800.0,269000.0,1103.0,1999.0,64038.0,1741.0,1006.0,1502.985743,51.64056101,116.1348073,62.11975694,47.77820774,8.458655804,28.50570265,885.0,2110.0,41.94,135.0,220.0,450.0,85.0,115.0,200.0,20.0,60.0
48439100602,129300.0,122500.0,774.0,1970.0,52721.0,1189.0,954.0,1127.460949,53.78170341,118.7514438,64.2372487,59.98836141,5.668606432,25.06202144,965.0,2125.0,45.41,175.0,480.0,745.0,124.0,294.0,298.0,0.0,215.0
48439100700,85700.0,108600.0,603.0,1980.0,31169.0,922.0,783.0,854.2584337,48.3553368,105.1343762,57.36243557,83.39751004,14.26168675,49.45481928,2880.0,4225.0,68.17,375.0,605.0,985.0,340.0,450.0,495.0,115.0,285.0
48439100800,87100.0,87200.0,709.0,1940.0,38668.0,949.0,775.0,892.5336538,50.34666998,106.3163767,59.02814668,77.05300481,9.734615385,37.43719952,3925.0,5790.0,67.79,265.0,665.0,1045.0,140.0,285.0,295.0,10.0,225.0
48439100900,81400.0,91100.0,530.0,0.0,29535.0,781.0,863.0,816.3956835,48.46607682,98.63897045,55.60571761,82.52026379,10.78129496,52.37176259,1670.0,2100.0,79.52,235.0,355.0,450.0,175.0,215.0,250.0,15.0,180.0
48439101201,226300.0,282700.0,808.0,1967.0,54671.0,2523.0,947.0,2057.30384,53.18748159,114.0659572,62.66971207,59.24073456,11.42170284,30.83789649,785.0,1720.0,45.64,85.0,125.0,305.0,55.0,70.0,74.0,0.0,35.0
48439101202,98300.0,110700.0,729.0,1954.0,39432.0,981.0,881.0,934.3536585,49.75066363,105.4941579,58.31577458,81.08363821,8.8,41.03871951,3035.0,4190.0,72.43,175.0,555.0,990.0,145.0,265.0,345.0,4.0,134.0
48439101301,113900.0,112900.0,819.0,1977.0,45500.0,1063.0,938.0,1024.494253,50.50301803,107.0581307,59.03787458,65.42490421,12.38482759,36.27482759,1555.0,4795.0,32.43,395.0,595.0,880.0,340.0,440.0,515.0,65.0,285.0
48439101302,98000.0,91200.0,775.0,1959.0,39656.0,921.0,921.0,921.0,49.85415595,107.4371181,58.85727089,71.98429883,3.69382716,29.91728395,2360.0,3145.0,75.04,230.0,410.0,695.0,190.0,245.0,340.0,0.0,120.0
48439101401,131300.0,131200.0,755.0,1979.0,54349.0,1125.0,694.0,982.0541897,50.86325402,110.2839396,60.24942107,56.44184646,8.72895133,25.82212745,1935.0,4460.0,43.39,435.0,715.0,1185.0,345.0,545.0,575.0,0.0,255.0
48439101402,92200.0,97800.0,687.0,1959.0,31893.0,951.0,747.0,853.234657,48.0073507,105.1138067,57.1778305,77.56347774,24.29458484,47.16119134,2470.0,3145.0,78.54,285.0,575.0,765.0,165.0,290.0,300.0,0.0,155.0
48439101403,103800.0,107700.0,766.0,1969.0,29174.0,974.0,706.0,811.121424,48.57571789,108.2406163,58.44431002,79.07480398,22.3481246,51.90762873,2985.0,4295.0,69.5,490.0,880.0,1230.0,385.0,630.0,675.0,60.0,565.0
48439101500,117200.0,140500.0,660.0,1952.0,31582.0,1042.0,812.0,938.7690058,48.68301892,104.8840725,57.45903793,74.31291423,18.26549708,46.7997807,2665.0,4580.0,58.19,360.0,595.0,920.0,325.0,485.0,595.0,0.0,185.0
48439101700,96900.0,97200.0,,1953.0,11838.0,789.0,218.0,329.3140794,44.1532088,96.92717687,52.64008293,89.6133574,49.89891697,72.15234657,1710.0,1920.0,89.06,210.0,315.0,405.0,55.0,135.0,150.0,165.0,200.0
48439102000,529800.0,527800.0,1485.0,2012.0,80779.0,2314.0,1554.0,1683.414859,46.73250105,92.70728375,53.00892666,33.96419023,7.900591716,20.84155161,565.0,905.0,62.43,405.0,505.0,855.0,265.0,360.0,685.0,30.0,34.0
48439102100,,,,,61863.0,2337.0,891.0,1535.24183,49.35681987,103.3666644,57.66612273,49.38966352,12.1664488,30.34527959,2165.0,5320.0,40.7,,,,,,,,
48439102101,437800.0,438900.0,1120.0,1980.0,,,,,,,,,,,,,,70.0,90.0,190.0,25.0,45.0,115.0,0.0,0.0
48439102102,243500.0,240600.0,859.0,1968.0,,,,,,,,,,,,,,285.0,405.0,650.0,160.0,275.0,340.0,120.0,275.0
48439102201,387900.0,453800.0,943.0,1968.0,64955.0,1615.0,966.0,1434.94617,52.44170049,111.4476399,61.50555314,47.86312399,5.852311939,26.01214631,1450.0,3585.0,40.45,155.0,360.0,530.0,90.0,230.0,320.0,4.0,44.0
48439102202,535000.0,495100.0,950.0,1963.0,89013.0,2381.0,925.0,1744.060225,51.04282956,105.3531598,59.02248583,38.77246856,5.777895433,20.84189279,655.0,2650.0,24.72,85.0,130.0,460.0,85.0,125.0,385.0,0.0,35.0
48439102301,153900.0,202300.0,843.0,1963.0,32656.0,1094.0,694.0,838.8963929,47.02343248,100.3491792,55.2114461,76.45218726,17.5637759,45.84489639,1940.0,3130.0,61.98,245.0,550.0,885.0,160.0,385.0,630.0,100.0,340.0
48439102302,94000.0,98800.0,912.0,1958.0,40351.0,887.0,873.0,881.1558974,49.22888853,107.9143936,58.69183884,67.96912821,9.281641026,36.29882051,3225.0,4795.0,67.26,420.0,740.0,1175.0,285.0,455.0,560.0,0.0,245.0
48439102401,272300.0,287300.0,979.0,1993.0,63067.0,1625.0,1132.0,1359.358162,49.09850441,103.1112295,57.21858794,48.46187709,12.78858954,31.91611199,1475.0,4120.0,35.8,310.0,665.0,1015.0,240.0,580.0,749.0,40.0,255.0
48439102402,364200.0,365000.0,983.0,1980.0,80170.0,2113.0,1091.0,1899.544304,52.61445357,108.4589941,60.62267041,35.11926864,4.939662447,12.13649789,1465.0,4510.0,32.48,105.0,215.0,355.0,90.0,180.0,250.0,0.0,15.0
48439102500,85400.0,83100.0,524.0,1962.0,19161.0,851.0,686.0,785.8649722,48.30094388,100.3457842,55.97527435,90.67206778,28.8101668,61.58061954,2465.0,3400.0,72.5,430.0,700.0,1075.0,260.0,340.0,455.0,100.0,295.0
48439102601,150700.0,170300.0,851.0,1972.0,43920.0,1041.0,918.0,957.6508227,46.37395487,97.18404176,54.05203672,70.29981718,7.86301036,30.77117611,1960.0,3265.0,60.03,250.0,710.0,1200.0,185.0,465.0,604.0,10.0,195.0
48439102602,187300.0,221100.0,986.0,1952.0,58214.0,1582.0,979.0,1353.868821,49.4787906,100.2908376,56.73971368,51.56987748,7.914321926,23.78168568,2455.0,3665.0,66.98,165.0,330.0,620.0,145.0,205.0,340.0,20.0,150.0
48439102700,317100.0,335400.0,953.0,1944.0,72798.0,1833.0,958.0,1463.691769,50.47727156,103.7487359,58.40622768,43.57863398,6.008172796,22.74722709,855.0,3260.0,26.23,150.0,315.0,545.0,115.0,270.0,390.0,30.0,105.0
48439102800,,,,,113529.0,2155.0,930.0,1858.09322,52.71005971,101.1138502,58.76884516,24.50361582,1.720677966,11.81847458,270.0,1435.0,18.82,,,,,,,,
48439103500,88700.0,,675.0,1956.0,26250.0,867.0,650.0,753.1454545,47.33188297,101.8674279,55.87561684,80.77341991,21.52675325,58.3525974,4030.0,5135.0,78.48,390.0,680.0,985.0,210.0,405.0,409.0,55.0,150.0
48439103601,47200.0,59200.0,514.0,1969.0,15063.0,902.0,611.0,700.3259494,45.33272897,102.1380289,54.73198421,92.15147679,42.12742616,70.5685654,2150.0,2355.0,91.3,445.0,610.0,700.0,260.0,360.0,375.0,285.0,445.0
48439103602,78900.0,100000.0,722.0,1958.0,33015.0,985.0,1077.0,1009.996226,50.00584284,104.4069408,57.96553672,73.54582809,12.52930818,48.20830189,1265.0,2355.0,53.72,290.0,460.0,615.0,185.0,239.0,268.0,30.0,135.0
48439103701,88300.0,101900.0,632.0,1957.0,25692.0,720.0,792.0,751.7246127,47.98765113,105.6990149,57.35643718,80.14331612,24.81239243,57.45060241,3230.0,3860.0,83.68,305.0,560.0,1095.0,130.0,210.0,220.0,30.0,210.0
48439103702,73700.0,88400.0,789.0,1963.0,23125.0,684.0,890.0,768.4181601,48.74507875,105.9898357,57.78476948,86.75244922,23.72473118,57.3223417,2330.0,3115.0,74.8,240.0,450.0,745.0,125.0,250.0,300.0,0.0,150.0
48439103800,104000.0,115700.0,748.0,1974.0,17147.0,774.0,515.0,646.6311713,47.01187161,100.8306486,55.43219016,93.64040013,39.81026137,74.0017425,2890.0,3405.0,84.88,375.0,670.0,965.0,205.0,420.0,530.0,190.0,420.0
48439104100,279300.0,289600.0,881.0,0.0,71250.0,1648.0,855.0,1292.294597,49.00854302,100.9668265,56.84677436,43.16595115,13.71902295,26.36032568,1820.0,3745.0,48.6,155.0,315.0,395.0,89.0,159.0,208.0,4.0,129.0
48439104201,,,,,89028.0,2820.0,1044.0,2321.834372,53.58580813,109.831686,61.49308062,33.79976254,4.063401603,15.89643811,685.0,3045.0,22.5,,,,,,,,
48439104202,379100.0,409100.0,1024.0,1956.0,59272.0,1948.0,1012.0,1581.445972,50.91804271,109.2585382,60.05959338,52.14800262,13.4119188,28.15880812,1320.0,3155.0,41.84,185.0,250.0,555.0,140.0,205.0,335.0,10.0,80.0
48439104203,,839800.0,1153.0,2002.0,,,,,,,,,,,,,,40.0,50.0,60.0,10.0,20.0,20.0,0.0,0.0
48439104204,582300.0,576800.0,1088.0,1946.0,,,,,,,,,,,,,,75.0,105.0,230.0,65.0,100.0,165.0,0.0,65.0
48439104300,,,,,38684.0,2300.0,1142.0,1626.081967,50.89349681,108.3092299,59.86761192,59.02422587,27.81785064,42.89840619,2665.0,5175.0,51.5,,,,,,,,
48439104301,327300.0,291300.0,1224.0,2001.0,,,,,,,,,,,,,,620.0,750.0,805.0,460.0,540.0,560.0,15.0,250.0
48439104302,476600.0,532300.0,1340.0,2000.0,,,,,,,,,,,,,,230.0,335.0,460.0,175.0,275.0,350.0,0.0,15.0
48439104400,260100.0,317300.0,1016.0,1943.0,50521.0,1461.0,708.0,1178.892553,50.06565694,100.5001241,57.03452658,59.63388289,10.80659466,33.5591245,3550.0,5710.0,62.17,285.0,540.0,1035.0,275.0,410.0,650.0,10.0,285.0
48439104502,77200.0,185700.0,678.0,1952.0,28887.0,851.0,734.0,788.8566392,46.70536977,98.21676008,54.44179264,82.40258519,12.58190364,54.58366627,2655.0,3330.0,79.73,320.0,430.0,685.0,140.0,195.0,240.0,30.0,155.0
48439104503,78000.0,102000.0,761.0,1951.0,37188.0,1005.0,794.0,916.6996149,48.16249195,101.0670452,56.09790687,78.95113393,13.03311938,43.07086008,1630.0,2350.0,69.36,195.0,360.0,640.0,110.0,179.0,189.0,0.0,34.0
48439104504,95000.0,79000.0,480.0,1977.0,25271.0,865.0,632.0,735.4471204,47.61191665,103.6859579,56.61809851,89.45863874,14.31204188,60.3904712,2610.0,2855.0,91.42,345.0,510.0,715.0,235.0,320.0,335.0,165.0,335.0
48439104505,87000.0,102700.0,784.0,1959.0,24958.0,861.0,763.0,810.0864714,47.28970074,104.4150347,56.67789863,78.86271502,18.66443515,56.67977685,1820.0,2855.0,63.75,375.0,890.0,1340.0,245.0,510.0,630.0,45.0,199.0
48439104601,93200.0,118000.0,707.0,1960.0,39250.0,772.0,791.0,778.9813953,49.3552151,105.5609031,58.11781449,75.06747287,14.50418605,42.24306977,2920.0,3740.0,78.07,325.0,645.0,1195.0,285.0,354.0,379.0,0.0,135.0
48439104602,68700.0,65900.0,686.0,1963.0,38098.0,936.0,782.0,878.2210526,50.01702145,109.6883295,59.59612584,83.05674185,6.330827068,36.0412782,3025.0,4475.0,67.6,215.0,405.0,905.0,140.0,250.0,325.0,0.0,110.0
48439104603,76300.0,85000.0,697.0,1971.0,37592.0,858.0,830.0,847.0386521,49.49361427,109.4990121,59.29590141,78.83283779,10.72745292,46.41526264,2630.0,3420.0,76.9,245.0,460.0,885.0,140.0,170.0,205.0,35.0,180.0
48439104604,69900.0,68000.0,719.0,1981.0,25882.0,751.0,788.0,772.8878601,46.87772934,106.8183871,57.14068192,81.21742112,28.32839506,55.72376543,1960.0,2555.0,76.71,295.0,505.0,700.0,230.0,345.0,370.0,45.0,205.0
48439104605,110600.0,115300.0,839.0,1970.0,34640.0,991.0,774.0,911.0526316,49.4807679,106.3141967,58.25690226,79.62304527,19.29876543,44.65438596,2335.0,4070.0,57.37,560.0,810.0,1110.0,490.0,630.0,715.0,75.0,390.0
48439104701,73100.0,75800.0,578.0,1952.0,34953.0,781.0,811.0,794.9294504,47.83566392,102.3972344,56.45130167,82.67169811,7.020836751,41.87268253,3150.0,4220.0,74.64,405.0,590.0,1010.0,325.0,405.0,405.0,15.0,340.0
48439104702,82600.0,93600.0,737.0,1968.0,30481.0,835.0,761.0,799.1812564,47.4681189,101.6167145,55.94297149,90.58558187,19.10442842,50.29598352,2740.0,3320.0,82.53,300.0,570.0,780.0,250.0,425.0,455.0,75.0,200.0
48439104802,88600.0,85500.0,698.0,1958.0,43862.0,985.0,802.0,904.4897147,49.2398455,108.2522714,58.9426554,63.48201725,14.0246848,37.12720637,3900.0,5085.0,76.7,400.0,710.0,1010.0,320.0,470.0,490.0,90.0,310.0
48439104803,86500.0,80800.0,774.0,2005.0,35055.0,850.0,820.0,839.1937581,49.00401585,101.1763979,56.67532242,84.16597313,13.92353706,43.66905072,5400.0,6880.0,78.49,555.0,975.0,1380.0,450.0,725.0,745.0,50.0,640.0
48439104804,98700.0,256100.0,648.0,1958.0,30875.0,919.0,701.0,823.1341615,48.23532179,101.900508,56.43521082,89.49482402,13.91006211,48.73478261,2420.0,3165.0,76.46,130.0,310.0,525.0,105.0,200.0,220.0,70.0,204.0
48439104900,112200.0,87100.0,714.0,1956.0,40250.0,1021.0,917.0,995.7722772,50.80759412,107.6580495,59.46915045,71.96138614,9.20990099,35.34480198,1195.0,2955.0,40.44,125.0,335.0,685.0,100.0,169.0,199.0,0.0,95.0
48439105001,,,,,36189.0,1065.0,809.0,950.7361586,49.88514429,111.1035359,60.04407706,74.595671,15.65112782,45.46698565,3435.0,4805.0,71.49,,,,,,,,
48439105006,,,,,37500.0,884.0,833.0,870.7231405,51.76696812,107.3577492,59.9397126,65.27906336,8.945454545,37.73760331,460.0,530.0,86.79,,,,,,,,
48439105007,315200.0,314300.0,1143.0,1998.0,59031.0,2031.0,1108.0,1292.743769,48.71893699,109.0728013,58.81811333,51.7066459,2.742367601,13.75393302,1155.0,4240.0,27.24,345.0,570.0,1015.0,285.0,510.0,860.0,0.0,0.0
48439105008,176300.0,171200.0,1152.0,2004.0,57609.0,1328.0,1135.0,1243.005513,50.30065489,110.61059,60.00053092,53.52393751,6.829772571,21.13742247,2035.0,6030.0,33.75,195.0,640.0,1400.0,135.0,480.0,890.0,60.0,205.0
48439105009,88400.0,96300.0,726.0,1959.0,,,,,,,,,,,,,,455.0,755.0,1140.0,310.0,450.0,485.0,75.0,319.0
48439105201,135500.0,134300.0,754.0,1985.0,24149.0,1234.0,674.0,786.8186386,47.34173343,103.8571974,56.47969143,78.67662555,20.68451348,62.05294655,3590.0,5460.0,65.75,675.0,1225.0,1605.0,560.0,980.0,1185.0,55.0,985.0
48439105203,175200.0,176000.0,727.0,1981.0,40500.0,1151.0,776.0,968.1965318,47.73334746,102.2146124,55.99685308,73.71599229,15.02273603,35.79633911,750.0,2205.0,34.01,135.0,325.0,630.0,129.0,303.0,448.0,0.0,120.0
48439105204,130000.0,,718.0,1985.0,31049.0,978.0,643.0,664.6287601,46.19418041,100.9872311,54.9463668,89.8839325,11.77344094,48.73697726,1975.0,3055.0,64.65,475.0,1020.0,1420.0,430.0,890.0,990.0,4.0,679.0
48439105205,,,,,32430.0,,664.0,,44.85239793,97.91076619,53.3159266,77.44851933,20.61234136,47.05842451,3745.0,4945.0,75.73,,,,,,,,
48439105206,133900.0,128300.0,706.0,1979.0,,,,,,,,,,,,,,315.0,495.0,905.0,290.0,405.0,420.0,40.0,505.0
48439105207,,,700.0,1974.0,,,,,,,,,,,,,,515.0,1060.0,1280.0,435.0,900.0,1025.0,95.0,915.0
48439105403,565900.0,596200.0,1294.0,1996.0,67798.0,2998.0,1161.0,2115.513674,51.39133911,107.2725351,59.84778401,43.06778693,9.897594728,21.99103789,1640.0,5435.0,30.17,225.0,455.0,730.0,150.0,320.0,570.0,0.0,45.0
48439105404,459900.0,455700.0,2025.0,1975.0,120375.0,2245.0,1486.0,2156.007366,52.40555472,104.3655726,59.20403312,29.82124002,7.087047268,18.33333333,455.0,3790.0,12.01,170.0,220.0,365.0,165.0,205.0,250.0,0.0,0.0
48439105405,708700.0,802100.0,931.0,1991.0,49877.0,2175.0,794.0,1185.190524,50.96325695,109.5356654,60.16308941,62.88309812,7.49516129,26.01819556,1745.0,3620.0,48.2,260.0,540.0,1055.0,220.0,490.0,640.0,0.0,115.0
48439105406,,,,,58982.0,2755.0,1072.0,1503.910477,46.91756101,103.848321,56.25866937,52.51593722,8.111671088,18.17838196,1350.0,5175.0,26.09,,,,,,,,
48439105407,,,1137.0,1992.0,,,,,,,,,,,,,,135.0,325.0,690.0,115.0,305.0,670.0,0.0,0.0
48439105408,381200.0,449300.0,1254.0,1988.0,,,,,,,,,,,,,,95.0,105.0,205.0,40.0,50.0,135.0,40.0,75.0
48439105502,163500.0,171500.0,862.0,1973.0,51292.0,1262.0,873.0,1115.288487,49.84906662,105.7354856,58.34261029,56.84793413,10.38659021,30.84843405,2125.0,5380.0,39.5,365.0,545.0,1090.0,300.0,395.0,550.0,120.0,310.0
48439105503,180600.0,165300.0,1140.0,1984.0,65513.0,1236.0,1160.0,1214.648829,50.21812391,103.681388,57.88436581,46.40111483,5.302006689,22.54824415,1615.0,4765.0,33.89,285.0,635.0,1080.0,255.0,515.0,625.0,90.0,185.0
48439105505,191500.0,211000.0,959.0,1979.0,44954.0,1399.0,966.0,1120.76404,47.58093403,102.7208112,56.38149868,62.68056886,9.598258598,30.15324336,1715.0,4125.0,41.58,300.0,550.0,940.0,260.0,475.0,609.0,40.0,100.0
48439105507,,,,,92740.0,2951.0,1143.0,2132.772416,52.86051269,114.6582849,62.56137093,33.95204869,1.141180306,9.759373981,835.0,6660.0,12.54,,,,,,,,
48439105508,,,,,49737.0,1804.0,832.0,1168.587336,48.202429,106.1667918,57.6769653,61.77583359,4.366350566,28.36601407,2000.0,6145.0,32.55,,,,,,,,
48439105510,,,,,54286.0,1439.0,888.0,1165.958254,48.79873396,107.1555074,58.02489125,56.43452305,14.45047801,34.34098152,2430.0,7165.0,33.91,,,,,,,,
48439105511,151000.0,167200.0,921.0,1984.0,44587.0,1099.0,968.0,1047.252669,49.31294882,105.0703393,57.74688835,64.44848754,9.828469751,32.37424377,3140.0,6030.0,52.07,330.0,635.0,1100.0,320.0,560.0,655.0,20.0,210.0
48439105512,205300.0,210800.0,978.0,1978.0,68649.0,1368.0,1065.0,1304.778626,52.14093927,108.5012414,60.21245587,44.54457167,1.663613232,14.19293893,1305.0,4015.0,32.5,135.0,295.0,605.0,110.0,255.0,395.0,0.0,34.0
48439105513,,,847.0,1988.0,28425.0,,839.0,,41.13275806,88.19498925,48.35437918,85.06745252,13.50098232,53.52612967,1955.0,3395.0,57.58,260.0,820.0,1100.0,220.0,710.0,875.0,90.0,270.0
48439105514,,,904.0,1986.0,44911.0,,838.0,,42.17055251,90.89197802,49.78478414,69.01211351,7.18729352,27.73761118,1455.0,2475.0,58.79,220.0,580.0,1085.0,205.0,560.0,840.0,10.0,80.0
48439105515,173800.0,171600.0,910.0,1992.0,,,,,,,,,,,,,,440.0,820.0,940.0,435.0,740.0,805.0,60.0,165.0
48439105516,178700.0,180600.0,646.0,1991.0,,,,,,,,,,,,,,145.0,220.0,415.0,125.0,200.0,275.0,80.0,80.0
48439105517,227600.0,230500.0,781.0,1985.0,,,,,,,,,,,,,,295.0,550.0,1085.0,285.0,540.0,805.0,0.0,235.0
48439105518,237800.0,246000.0,1126.0,1989.0,,,,,,,,,,,,,,145.0,235.0,595.0,145.0,205.0,355.0,0.0,0.0
48439105519,402300.0,392900.0,1298.0,1994.0,,,,,,,,,,,,,,100.0,255.0,545.0,80.0,220.0,405.0,0.0,45.0
48439105520,599800.0,567700.0,,,,,,,,,,,,,,,,55.0,105.0,190.0,55.0,105.0,185.0,0.0,0.0
48439105600,127400.0,133500.0,908.0,1955.0,55500.0,1076.0,1062.0,1073.264615,51.50175101,108.0048892,59.92034845,54.39152137,5.176615385,23.63948718,2495.0,4830.0,51.66,215.0,355.0,635.0,195.0,255.0,350.0,15.0,39.0
48439105701,150200.0,149500.0,1090.0,1972.0,61793.0,1171.0,1036.0,1123.527473,50.9392692,108.9342118,59.84993969,47.54031746,2.996630037,20.89245421,1570.0,3250.0,48.31,90.0,235.0,460.0,90.0,225.0,290.0,0.0,55.0
48439105703,152200.0,153900.0,903.0,1981.0,53133.0,1163.0,961.0,1079.349693,49.70458593,103.6074226,57.55057967,57.97315951,9.49202454,24.23650307,1855.0,3350.0,55.37,280.0,365.0,695.0,220.0,290.0,515.0,65.0,110.0
48439105704,,,,,43357.0,1050.0,944.0,997.6331694,48.05171986,103.0885475,56.54153961,72.67755915,11.59578356,34.27052003,4525.0,8660.0,52.25,,,,,,,,
48439105705,133000.0,127300.0,796.0,1984.0,,,,,,,,,,,,,,280.0,685.0,1030.0,135.0,410.0,540.0,45.0,205.0
48439105706,129400.0,124700.0,1142.0,1993.0,,,,,,,,,,,,,,150.0,310.0,615.0,150.0,300.0,350.0,0.0,0.0
48439105800,90500.0,109100.0,789.0,1969.0,36738.0,1047.0,835.0,968.3576763,49.53003096,105.8253465,58.29549389,70.65875519,6.94373444,33.21211618,3025.0,4520.0,66.92,405.0,650.0,1020.0,390.0,550.0,630.0,50.0,209.0
48439105901,83100.0,75100.0,721.0,1961.0,36893.0,913.0,879.0,897.6313901,48.05646879,102.5219788,56.50420718,75.41626308,10.34977578,42.81515695,2375.0,2935.0,80.92,265.0,480.0,680.0,200.0,280.0,280.0,35.0,200.0
48439105902,85000.0,,739.0,1985.0,25179.0,1278.0,723.0,787.171875,46.58134429,109.3889138,57.67961256,82.93369792,29.60625,58.27507813,3260.0,3850.0,84.68,570.0,790.0,1005.0,490.0,640.0,665.0,180.0,750.0
48439106001,,,,,49191.0,1181.0,900.0,1088.118948,50.60675836,108.8640191,59.65978681,69.39819545,4.835074342,27.96572627,2710.0,7020.0,38.6,,,,,,,,
48439106002,87600.0,95000.0,924.0,1974.0,35646.0,771.0,1130.0,891.9906383,51.08066477,110.4528362,60.36279257,82.02700709,11.07268085,42.92544681,1800.0,3360.0,53.57,170.0,440.0,750.0,140.0,250.0,270.0,0.0,50.0
48439106004,115200.0,133200.0,968.0,1998.0,52164.0,1137.0,1118.0,1129.53932,51.6974781,116.4126797,62.4155641,60.76620616,7.733900106,25.42151966,2520.0,4140.0,60.87,390.0,790.0,1290.0,280.0,545.0,685.0,10.0,120.0
48439106005,134500.0,133500.0,942.0,1974.0,,,,,,,,,,,,,,135.0,320.0,640.0,135.0,270.0,420.0,0.0,80.0
48439106006,128800.0,147400.0,864.0,1984.0,,,,,,,,,,,,,,290.0,535.0,1090.0,280.0,470.0,685.0,0.0,260.0
48439106101,87200.0,56700.0,1000.0,1988.0,38542.0,823.0,969.0,858.4571429,51.35888006,107.8660786,59.58965344,73.04911565,13.57714286,36.1344898,1100.0,1545.0,71.2,95.0,230.0,355.0,55.0,155.0,170.0,0.0,4.0
48439106102,25200.0,21700.0,805.0,1993.0,21522.0,983.0,786.0,832.7389531,45.91394825,100.0038221,54.41196174,80.51588489,24.22243372,60.58341264,2610.0,2985.0,87.44,430.0,860.0,1200.0,254.0,594.0,704.0,150.0,470.0
48439106201,59000.0,60200.0,619.0,1963.0,36522.0,747.0,878.0,785.5483607,49.69007901,105.3591084,58.09558897,79.43508197,13.73442623,42.93303279,2455.0,3175.0,77.32,300.0,625.0,795.0,240.0,349.0,349.0,10.0,230.0
48439106202,64600.0,67100.0,681.0,1989.0,24250.0,828.0,798.0,807.3531469,45.68000058,103.8453132,55.45898018,84.60244755,21.59440559,63.31421911,3420.0,4360.0,78.44,490.0,860.0,1170.0,330.0,575.0,720.0,340.0,555.0
48439106300,77600.0,109500.0,754.0,1974.0,32113.0,1005.0,998.0,1001.729781,49.03310446,109.5399243,59.00187413,76.04763717,15.9847764,47.47012369,1975.0,2925.0,67.52,335.0,620.0,875.0,210.0,345.0,445.0,30.0,149.0
48439106400,57700.0,84200.0,849.0,1986.0,42176.0,981.0,859.0,940.7816979,50.80273852,105.2879179,58.61369847,68.36097023,10.37971334,30.30176406,1585.0,2505.0,63.27,120.0,475.0,755.0,45.0,240.0,395.0,0.0,160.0
48439106502,156700.0,155200.0,923.0,1976.0,44028.0,1294.0,842.0,1141.454697,50.40433533,104.5848542,58.21857124,56.80786922,5.633915212,27.12876143,915.0,2475.0,36.97,185.0,395.0,485.0,164.0,314.0,333.0,25.0,105.0
48439106503,147200.0,155600.0,833.0,1977.0,45556.0,1286.0,931.0,1135.668367,49.67174844,104.2546666,57.76765115,72.03826531,13.19591837,29.26581633,3165.0,5130.0,61.7,365.0,675.0,1200.0,215.0,420.0,580.0,140.0,275.0
48439106507,213100.0,218300.0,1111.0,1982.0,49432.0,1363.0,2059.0,1711.74359,49.46894131,106.6495434,58.33000611,54.64081197,8.175213675,27.91196581,605.0,1850.0,32.7,130.0,290.0,530.0,85.0,250.0,345.0,0.0,45.0
48439106509,274900.0,277500.0,1049.0,1995.0,56058.0,1781.0,836.0,1283.606383,51.47566653,113.7914096,61.59957822,52.32826748,11.82735562,27.86018237,1450.0,4070.0,35.63,135.0,300.0,640.0,130.0,225.0,360.0,25.0,125.0
48439106510,,,,,77926.0,1531.0,1557.0,1533.56274,54.24742433,114.4815249,63.22475854,29.67058138,1.363159734,9.247675638,1250.0,7915.0,15.79,,,,,,,,
48439106511,,,,,42420.0,1206.0,827.0,1009.77661,49.47460322,109.1346768,59.25512133,66.12358739,14.13771353,33.39602497,3125.0,6095.0,51.27,,,,,,,,
48439106512,204200.0,205400.0,804.0,1989.0,33718.0,1490.0,696.0,980.6064577,48.26594895,108.4761841,58.37031902,67.04230229,19.31642489,45.84389331,2830.0,4930.0,57.4,325.0,560.0,990.0,280.0,470.0,600.0,60.0,275.0
48439106513,145900.0,152300.0,1039.0,1981.0,47702.0,1144.0,1060.0,1113.603721,50.71665789,112.5831195,60.94319901,60.25705426,8.119813953,25.37190698,1230.0,2875.0,42.78,125.0,310.0,530.0,105.0,275.0,354.0,10.0,70.0
48439106514,194300.0,195800.0,905.0,1988.0,37750.0,1570.0,929.0,1066.224431,47.97948578,107.5372877,57.95958094,64.9115804,15.40074534,43.7389234,2255.0,5055.0,44.61,155.0,480.0,915.0,130.0,425.0,725.0,0.0,90.0
48439106515,186900.0,197900.0,794.0,1983.0,31977.0,1520.0,747.0,997.4019196,49.41367656,108.1611198,58.91578796,72.50981804,7.324295141,44.47618476,2710.0,4550.0,59.56,335.0,705.0,1200.0,335.0,675.0,900.0,15.0,410.0
48439106516,,,,,20865.0,,665.0,,42.55374765,86.09299569,48.38244739,87.39487179,18.71812865,64.86837607,3665.0,4600.0,79.67,,,,,,,,
48439106517,,,,,56531.0,1587.0,887.0,1133.053024,49.10946153,107.3069544,58.57443027,53.43832787,6.179565088,23.92103068,3195.0,7260.0,44.01,,,,,,,,
48439106518,,,1016.0,1994.0,49729.0,,971.0,,41.83927328,88.1389674,48.76699553,56.94522607,7.990672367,27.46059075,1085.0,2665.0,40.71,200.0,665.0,1285.0,200.0,575.0,800.0,30.0,225.0
48439106519,,,722.0,1983.0,,,,,,,,,,,,,,275.0,455.0,615.0,265.0,435.0,455.0,0.0,385.0
48439106520,64300.0,,748.0,1981.0,,,,,,,,,,,,,,360.0,700.0,1400.0,280.0,555.0,760.0,0.0,425.0
48439106521,176000.0,174600.0,950.0,2004.0,,,,,,,,,,,,,,180.0,465.0,595.0,180.0,380.0,415.0,0.0,95.0
48439106522,143900.0,198100.0,727.0,1990.0,,,,,,,,,,,,,,425.0,690.0,965.0,415.0,625.0,775.0,0.0,260.0
48439106523,,,867.0,1987.0,,,,,,,,,,,,,,260.0,505.0,1075.0,260.0,475.0,675.0,25.0,205.0
48439106524,206400.0,208800.0,1667.0,1988.0,,,,,,,,,,,,,,70.0,175.0,545.0,50.0,145.0,270.0,0.0,0.0
48439106525,217600.0,218400.0,,,,,,,,,,,,,,,,0.0,65.0,130.0,0.0,55.0,120.0,0.0,0.0
48439106526,226100.0,223100.0,1424.0,1997.0,,,,,,,,,,,,,,80.0,280.0,625.0,85.0,275.0,515.0,0.0,0.0
48439106600,,,821.0,1991.0,28500.0,,773.0,,41.36092754,96.28475493,50.69044388,86.1227673,14.87773585,54.14207547,1850.0,2565.0,72.12,260.0,535.0,915.0,225.0,490.0,615.0,105.0,295.0
48439106700,118300.0,111500.0,858.0,1968.0,52854.0,1065.0,991.0,1040.27784,51.53948076,117.1822157,62.62799569,63.00427447,4.96647919,23.41811024,1080.0,2200.0,49.09,105.0,170.0,345.0,90.0,140.0,185.0,10.0,49.0
48439110101,,,,,36727.0,1179.0,740.0,946.8029646,47.63410795,102.6598878,56.28914124,70.19879489,10.16341287,42.07830803,3930.0,7420.0,52.96,,,,,,,,
48439110102,114000.0,116600.0,810.0,1973.0,47847.0,1032.0,744.0,894.6035503,48.72891758,101.7282643,56.59948998,72.96139053,7.34556213,33.17869822,2410.0,3885.0,62.03,220.0,445.0,830.0,195.0,390.0,470.0,15.0,120.0
48439110103,123200.0,124200.0,857.0,1983.0,,,,,,,,,,,,,,170.0,680.0,985.0,160.0,600.0,620.0,0.0,70.0
48439110104,206300.0,216500.0,622.0,1974.0,,,,,,,,,,,,,,145.0,440.0,710.0,105.0,210.0,245.0,25.0,285.0
48439110202,122000.0,151900.0,960.0,1960.0,60714.0,1039.0,1038.0,1038.764957,52.11694814,109.4191283,60.76510224,49.5991453,1.701196581,17.87162393,2005.0,3800.0,52.76,150.0,305.0,575.0,100.0,210.0,280.0,0.0,20.0
48439110203,,,,,59562.0,1346.0,1008.0,1202.091212,49.99059398,105.9966836,58.53654594,51.68442077,3.362716378,24.35699068,2980.0,8415.0,35.41,,,,,,,,
48439110204,115300.0,116700.0,1015.0,1991.0,53821.0,1093.0,993.0,1047.607664,50.1809951,110.1008971,59.99000518,57.92104623,2.237226277,29.21998175,2530.0,5720.0,44.23,370.0,640.0,1395.0,189.0,309.0,529.0,15.0,35.0
48439110205,233600.0,234100.0,1125.0,1992.0,,,,,,,,,,,,,,110.0,275.0,730.0,60.0,220.0,600.0,0.0,0.0
48439110206,128500.0,139800.0,1647.0,2001.0,,,,,,,,,,,,,,230.0,270.0,525.0,175.0,215.0,350.0,0.0,25.0
48439110301,87500.0,80600.0,713.0,1968.0,40028.0,1054.0,715.0,880.7518428,49.07471743,106.5293909,58.25719419,80.34758395,13.04504505,39.83325143,2370.0,3280.0,72.26,210.0,365.0,740.0,130.0,195.0,260.0,130.0,200.0
48439110302,106200.0,97200.0,737.0,1968.0,32558.0,971.0,756.0,852.496063,48.19479104,106.0646246,57.69356535,80.06539808,9.582677165,41.71929134,3765.0,5240.0,71.85,260.0,665.0,1105.0,230.0,410.0,455.0,0.0,395.0
48439110401,148300.0,164500.0,873.0,1964.0,54316.0,1103.0,1069.0,1092.735456,51.24458978,108.693249,59.91242298,54.34280465,4.358113901,20.46338028,2175.0,4250.0,51.18,70.0,200.0,570.0,60.0,135.0,160.0,0.0,40.0
48439110402,92900.0,88400.0,802.0,1969.0,36211.0,1069.0,867.0,1010.882266,50.56902663,107.7369283,59.26100978,71.35457444,15.21589404,43.37292127,3170.0,4580.0,69.21,200.0,495.0,865.0,185.0,415.0,470.0,0.0,190.0
48439110500,117800.0,115300.0,915.0,1953.0,39282.0,1002.0,788.0,905.8819607,49.11859881,107.4638305,58.48948914,69.18557297,5.115305102,29.03291097,3830.0,7505.0,51.03,170.0,510.0,1170.0,110.0,315.0,480.0,60.0,115.0
48439110600,186900.0,179500.0,1210.0,1995.0,54917.0,1250.0,1127.0,1188.893151,49.43773425,109.4623985,59.25180358,54.85881279,7.369497717,27.77242009,1280.0,2480.0,51.61,130.0,220.0,545.0,94.0,139.0,324.0,4.0,18.0
48439110701,,,,,50170.0,845.0,900.0,875.0633855,48.41063342,102.2856837,56.57277296,65.63437733,8.097837435,25.87524236,3495.0,6950.0,50.29,,,,,,,,
48439110703,143300.0,159000.0,874.0,1976.0,49764.0,1275.0,874.0,1081.537047,49.32968208,109.3720554,59.24371891,59.52408542,6.785961003,30.69582173,2010.0,3995.0,50.31,155.0,505.0,1060.0,140.0,410.0,515.0,0.0,95.0
48439110704,110700.0,127000.0,849.0,1986.0,30039.0,943.0,743.0,826.912037,47.45181034,103.0601225,56.31594201,77.26319444,11.05509259,50.9541088,2025.0,3690.0,54.88,270.0,590.0,965.0,205.0,400.0,545.0,30.0,155.0
48439110705,101900.0,97400.0,911.0,1987.0,,,,,,,,,,,,,,75.0,240.0,560.0,25.0,110.0,265.0,0.0,15.0
48439110706,134900.0,133900.0,922.0,1971.0,,,,,,,,,,,,,,365.0,645.0,855.0,310.0,345.0,400.0,120.0,264.0
48439110805,159000.0,159700.0,1321.0,1997.0,68852.0,1191.0,1104.0,1169.006879,52.356403,112.0735497,61.55259107,43.0087131,4.188134136,12.46392949,1960.0,5340.0,36.7,75.0,315.0,630.0,75.0,185.0,390.0,0.0,95.0
48439110806,214500.0,215100.0,1282.0,1991.0,81432.0,1389.0,1355.0,1383.852441,54.43801098,121.0922873,65.08618626,32.31932712,3.758639605,8.428414701,315.0,3935.0,8.01,80.0,205.0,420.0,54.0,159.0,314.0,0.0,0.0
48439110807,173800.0,165800.0,1234.0,2003.0,61697.0,1309.0,996.0,1223.636364,52.32403682,115.8625595,62.41598278,46.97168656,9.449035813,20.85881543,1710.0,5855.0,29.21,205.0,440.0,750.0,180.0,355.0,535.0,0.0,45.0
48439110808,419400.0,492300.0,1660.0,2007.0,130444.0,2494.0,1613.0,2434.041712,56.47101553,125.2715237,67.16070275,13.79363337,3.951701427,7.456750823,250.0,1485.0,16.84,35.0,75.0,155.0,35.0,74.0,139.0,45.0,80.0
48439110809,243900.0,247700.0,1576.0,2004.0,87984.0,1505.0,1353.0,1488.821782,54.35610146,118.9944196,64.31481674,26.50156766,3.156435644,9.099876238,225.0,1745.0,12.89,50.0,75.0,170.0,39.0,53.0,77.0,0.0,0.0
48439110901,220800.0,244000.0,1107.0,1999.0,79639.0,1407.0,962.0,1340.146618,52.29220978,108.2718491,60.23054635,36.71664085,3.343314404,12.31677852,630.0,4050.0,15.56,125.0,300.0,535.0,105.0,230.0,365.0,0.0,85.0
48439110903,353200.0,353600.0,878.0,1987.0,70921.0,2193.0,954.0,1550.059459,49.94997628,104.484638,58.09410616,43.10873874,3.00972973,12.41310811,530.0,1720.0,30.81,20.0,65.0,155.0,15.0,59.0,123.0,4.0,44.0
48439110905,173200.0,183200.0,1091.0,1983.0,67630.0,1329.0,1252.0,1312.997356,52.66971898,112.4251058,61.75338343,41.09635114,4.793231095,13.98402961,925.0,4405.0,21.0,75.0,140.0,300.0,70.0,95.0,149.0,0.0,15.0
48439110906,162300.0,170500.0,1130.0,1977.0,65069.0,1231.0,1005.0,1170.945021,52.96385397,117.89704,63.45893843,44.84679291,3.345632254,18.13029933,1050.0,4365.0,24.05,160.0,225.0,830.0,110.0,155.0,445.0,45.0,55.0
48439110907,209600.0,214800.0,1039.0,1993.0,71315.0,1462.0,905.0,1320.102662,51.38130044,108.6175815,59.69240895,39.35898606,2.424942966,13.801673,810.0,2805.0,28.88,55.0,185.0,485.0,45.0,120.0,190.0,10.0,50.0
48439111003,164700.0,168600.0,1139.0,1978.0,72663.0,1363.0,1256.0,1346.331658,53.12791388,112.6580918,62.09852423,42.36053601,2.23919598,18.2038191,710.0,2730.0,26.01,105.0,205.0,410.0,85.0,129.0,183.0,25.0,25.0
48439111005,,,,,46233.0,1156.0,968.0,1063.399575,49.70798366,112.2705413,60.1393548,65.90772815,16.60504406,38.85606199,3815.0,8410.0,45.36,,,,,,,,
48439111008,,,,,67616.0,1438.0,1090.0,1336.663048,52.90203861,119.7101805,63.8819593,44.10608763,1.939046142,13.86145793,1565.0,6050.0,25.87,,,,,,,,
48439111010,392000.0,404000.0,1023.0,1968.0,74179.0,2288.0,929.0,1899.172366,52.93555369,120.0571626,63.59934566,44.95166318,6.066713189,24.65526867,855.0,2925.0,29.23,105.0,360.0,540.0,95.0,325.0,430.0,0.0,40.0
48439111011,,,,,76612.0,1333.0,1271.0,1319.390765,52.86587904,114.7465348,62.49816263,34.36829773,2.21337009,12.4980703,2425.0,8610.0,28.16,,,,,,,,
48439111012,,,,,66702.0,1289.0,1427.0,1336.433867,52.44526511,116.5198947,62.81854022,39.92673406,5.787700084,17.77173547,2175.0,7725.0,28.16,,,,,,,,
48439111013,,,,,65200.0,1412.0,1279.0,1364.986244,52.56557557,118.2161158,63.28443303,46.28426104,4.937172105,20.13682022,3125.0,7590.0,41.17,,,,,,,,
48439111015,152100.0,158500.0,1127.0,1984.0,56250.0,1173.0,1091.0,1147.675086,51.46091384,113.2037828,61.27959307,54.07631075,8.742135476,32.98002296,525.0,2370.0,22.15,90.0,200.0,360.0,69.0,144.0,228.0,4.0,33.0
48439111016,,,,,86304.0,1551.0,1270.0,1505.780641,54.09606374,113.5394827,62.69177307,32.71127759,4.047228049,12.81672161,1070.0,8120.0,13.18,,,,,,,,
48439111017,,,,,105544.0,1810.0,1911.0,1821.566805,56.79099659,125.6512871,67.5475232,23.42222222,1.189488243,8.830733057,1010.0,9970.0,10.13,,,,,,,,
48439111018,301600.0,312300.0,631.0,1984.0,94375.0,2035.0,923.0,1885.545006,55.44043063,124.6762763,66.3624996,29.78076449,2.069543773,10.84956843,605.0,2210.0,27.38,10.0,45.0,180.0,10.0,44.0,84.0,0.0,25.0
48439111019,142500.0,144200.0,954.0,1988.0,,,,,,,,,,,,,,180.0,315.0,740.0,180.0,300.0,300.0,45.0,65.0
48439111020,138600.0,142900.0,891.0,1997.0,,,,,,,,,,,,,,575.0,825.0,1410.0,505.0,755.0,1125.0,140.0,465.0
48439111021,219200.0,226300.0,748.0,1992.0,,,,,,,,,,,,,,55.0,225.0,495.0,60.0,230.0,310.0,0.0,65.0
48439111022,162300.0,163800.0,1440.0,2004.0,,,,,,,,,,,,,,45.0,280.0,465.0,45.0,255.0,315.0,0.0,0.0
48439111023,171500.0,177600.0,1675.0,1998.0,,,,,,,,,,,,,,190.0,250.0,775.0,190.0,250.0,575.0,0.0,0.0
48439111024,165200.0,171000.0,1387.0,1999.0,,,,,,,,,,,,,,140.0,245.0,635.0,140.0,215.0,270.0,0.0,0.0
48439111025,156100.0,156800.0,1395.0,1987.0,,,,,,,,,,,,,,85.0,105.0,425.0,85.0,105.0,305.0,0.0,0.0
48439111026,161400.0,161600.0,1410.0,2005.0,,,,,,,,,,,,,,0.0,260.0,700.0,0.0,225.0,385.0,0.0,0.0
48439111027,196000.0,197500.0,1125.0,2007.0,,,,,,,,,,,,,,70.0,205.0,550.0,50.0,135.0,365.0,0.0,50.0
48439111028,162400.0,190300.0,1186.0,2001.0,,,,,,,,,,,,,,210.0,515.0,755.0,190.0,485.0,615.0,10.0,145.0
48439111029,232900.0,238900.0,1278.0,2004.0,,,,,,,,,,,,,,255.0,370.0,680.0,245.0,360.0,605.0,0.0,45.0
48439111030,190500.0,187500.0,1470.0,1998.0,,,,,,,,,,,,,,110.0,205.0,395.0,75.0,150.0,240.0,0.0,10.0
48439111031,253900.0,242900.0,,,,,,,,,,,,,,,,0.0,25.0,35.0,0.0,25.0,25.0,0.0,0.0
48439111032,237900.0,234400.0,1787.0,2005.0,,,,,,,,,,,,,,55.0,180.0,360.0,55.0,170.0,330.0,0.0,0.0
48439111033,237700.0,236000.0,1494.0,2004.0,,,,,,,,,,,,,,40.0,115.0,265.0,30.0,85.0,220.0,10.0,10.0
48439111102,112800.0,116000.0,840.0,1974.0,44338.0,1070.0,1225.0,1109.254338,51.61145313,111.4889662,60.89623341,69.90180766,11.19175705,32.82375271,3005.0,5550.0,54.14,410.0,785.0,1165.0,395.0,695.0,820.0,40.0,159.0
48439111103,96500.0,118000.0,954.0,1965.0,37054.0,920.0,1020.0,957.5561545,50.19197485,110.6717284,60.00131921,79.95914945,8.062533693,36.18274933,2515.0,3455.0,72.79,205.0,360.0,625.0,205.0,270.0,385.0,0.0,0.0
48439111104,117700.0,118100.0,788.0,1969.0,40250.0,1093.0,994.0,1074.941368,51.79239888,107.5248805,59.73082629,66.0611654,7.552660152,41.53224756,1165.0,2520.0,46.23,195.0,445.0,605.0,135.0,195.0,250.0,10.0,55.0
48439111202,104900.0,128200.0,925.0,1960.0,36929.0,1027.0,938.0,1006.914568,51.04217489,109.3606471,59.93512266,71.24681481,12.94103704,40.27120988,3400.0,6035.0,56.34,495.0,845.0,1275.0,465.0,635.0,675.0,175.0,270.0
48439111203,200200.0,188700.0,1539.0,2002.0,70712.0,1292.0,1358.0,1310.791893,53.11323121,119.0759039,63.91266,38.06465645,6.36559565,19.70879881,1545.0,4330.0,35.68,205.0,385.0,655.0,205.0,375.0,505.0,30.0,40.0
48439111204,209400.0,221900.0,1519.0,1980.0,69056.0,1754.0,1088.0,1669.276549,54.75071416,117.8516543,64.27492489,43.33418142,2.663274336,17.21056416,1575.0,5490.0,28.69,120.0,240.0,555.0,100.0,185.0,330.0,0.0,30.0
48439111301,,,,,85425.0,1603.0,964.0,1490.235294,55.13490808,122.6987621,65.81658728,32.55536976,4.118722007,14.32158853,2385.0,8815.0,27.06,,,,,,,,
48439111304,243700.0,249800.0,1784.0,1992.0,89657.0,1776.0,1723.0,1762.827035,53.10800978,113.3614598,62.14383477,32.76002907,1.990406977,12.0377907,695.0,6645.0,10.46,110.0,255.0,685.0,70.0,180.0,380.0,0.0,10.0
48439111306,192600.0,229000.0,1192.0,2004.0,67417.0,1602.0,1142.0,1506.087419,53.77317963,116.0892799,63.28422432,45.74467415,6.251151802,22.56958063,1485.0,4540.0,32.71,295.0,565.0,765.0,115.0,335.0,420.0,20.0,55.0
48439111307,169100.0,164800.0,1044.0,2003.0,50397.0,1421.0,1066.0,1164.737942,47.5844681,108.1433214,57.7985549,68.5960343,9.190996785,25.16430868,1245.0,2890.0,43.08,65.0,370.0,630.0,60.0,350.0,435.0,0.0,105.0
48439111308,180100.0,204000.0,897.0,1997.0,51688.0,1556.0,900.0,1240.480974,50.27226392,108.111172,59.14349728,55.33059361,11.79908676,32.7739726,590.0,1510.0,39.07,180.0,235.0,350.0,140.0,185.0,214.0,55.0,80.0
48439111309,132100.0,137300.0,800.0,1980.0,55720.0,1147.0,972.0,1082.538262,50.70824313,110.9304785,60.3092696,54.60246433,4.469520104,27.9542153,1825.0,3670.0,49.73,115.0,350.0,670.0,110.0,295.0,400.0,45.0,160.0
48439111310,,,,,84934.0,1618.0,1724.0,1637.194063,54.19709726,118.6788487,64.37353605,28.75985158,1.82471243,9.265640074,1685.0,6460.0,26.08,,,,,,,,
48439111311,283100.0,288700.0,1617.0,2010.0,117056.0,1928.0,1564.0,1909.375062,55.90970124,117.212281,64.55066037,13.82146051,0.546845504,5.007103825,370.0,5795.0,6.38,55.0,150.0,340.0,55.0,135.0,285.0,0.0,15.0
48439111312,367200.0,366700.0,,,143697.0,2567.0,1601.0,2521.368295,57.5109487,123.1259955,67.09577629,16.84931946,3.053963171,6.233546837,395.0,3350.0,11.79,10.0,45.0,145.0,10.0,45.0,105.0,0.0,0.0
48439111313,,,,,111044.0,2118.0,1326.0,1988.556158,54.63837837,120.6660161,65.04118421,23.45719081,1.075445391,9.103756778,340.0,4310.0,7.89,,,,,,,,
48439111314,309900.0,315600.0,2130.0,2004.0,108944.0,2094.0,1683.0,2065.746509,56.94776533,124.345179,67.17951637,14.95685643,1.181525242,3.21783029,300.0,3710.0,8.09,75.0,75.0,260.0,40.0,40.0,220.0,0.0,0.0
48439111315,227800.0,239500.0,2140.0,2006.0,,,,,,,,,,,,,,55.0,205.0,440.0,15.0,155.0,320.0,0.0,0.0
48439111316,235200.0,239300.0,,2004.0,,,,,,,,,,,,,,80.0,285.0,470.0,80.0,285.0,420.0,0.0,0.0
48439111317,331800.0,350200.0,644.0,1973.0,,,,,,,,,,,,,,95.0,230.0,330.0,80.0,175.0,230.0,0.0,85.0
48439111318,224500.0,292500.0,637.0,1987.0,,,,,,,,,,,,,,245.0,410.0,795.0,185.0,270.0,375.0,20.0,95.0
48439111319,353900.0,351000.0,1347.0,2012.0,,,,,,,,,,,,,,150.0,175.0,475.0,150.0,160.0,385.0,0.0,0.0
48439111320,347700.0,347900.0,,,,,,,,,,,,,,,,70.0,80.0,180.0,0.0,10.0,65.0,0.0,0.0
48439111402,234500.0,177100.0,1377.0,1986.0,65742.0,1332.0,1379.0,1343.017875,53.47605897,116.6531335,63.45929184,47.27878788,1.418181818,19.84555669,1360.0,6250.0,21.76,115.0,175.0,625.0,80.0,125.0,300.0,25.0,25.0
48439111404,,,,,57313.0,1850.0,874.0,1323.730812,50.31854679,111.722106,60.23509777,54.07893956,8.912347052,22.40622914,3245.0,7910.0,41.02,,,,,,,,
48439111405,118000.0,170500.0,657.0,1980.0,51250.0,1067.0,810.0,984.7829978,52.30382762,112.9316971,61.65403694,63.73191648,9.192841163,28.23143177,1025.0,2155.0,47.56,195.0,340.0,485.0,180.0,250.0,258.0,70.0,124.0
48439111406,291500.0,297200.0,1532.0,2006.0,101429.0,1939.0,1598.0,1856.034556,54.71024993,119.3485287,64.70192552,25.4858016,2.3977433,5.358251058,300.0,3045.0,9.85,25.0,45.0,160.0,25.0,29.0,119.0,0.0,0.0
48439111407,270400.0,277900.0,,,96417.0,1918.0,1375.0,1873.01462,55.16172328,115.1710588,63.66244126,25.45679012,8.006237817,14.78167641,460.0,3200.0,14.38,95.0,160.0,245.0,100.0,145.0,170.0,0.0,65.0
48439111408,287100.0,293400.0,1049.0,1998.0,76330.0,2050.0,956.0,1624.648773,52.28298097,116.2965502,62.59043527,40.60485685,5.917177914,18.9809816,495.0,2160.0,22.92,115.0,340.0,510.0,115.0,275.0,355.0,20.0,54.0
48439111409,281100.0,293900.0,2170.0,2009.0,122891.0,1826.0,1663.0,1818.929439,56.67948104,119.3037634,65.71981332,15.11791016,1.272874494,4.341469057,755.0,4860.0,15.53,50.0,85.0,160.0,25.0,65.0,120.0,0.0,0.0
48439111410,314600.0,330700.0,851.0,1988.0,,,,,,,,,,,,,,135.0,340.0,1000.0,135.0,340.0,625.0,0.0,30.0
48439111411,267100.0,284500.0,871.0,1984.0,,,,,,,,,,,,,,55.0,260.0,535.0,15.0,150.0,310.0,0.0,55.0
48439111505,205000.0,209100.0,794.0,1973.0,54265.0,1230.0,777.0,1056.010381,49.96518961,105.242088,58.3210382,55.2260669,10.01245675,31.88673587,1385.0,4210.0,32.9,285.0,470.0,765.0,280.0,390.0,450.0,30.0,185.0
48439111506,234100.0,244900.0,869.0,1979.0,45797.0,1484.0,803.0,1112.924991,49.49331991,105.255248,58.04363097,60.41682895,6.699170573,34.68398846,2420.0,6115.0,39.57,465.0,840.0,1395.0,425.0,720.0,905.0,4.0,224.0
48439111513,173700.0,179400.0,1586.0,1986.0,78452.0,1329.0,1386.0,1343.85782,53.60625351,114.7892333,62.96674897,40.6835703,1.187993681,16.67480253,895.0,4055.0,22.07,15.0,155.0,450.0,10.0,125.0,180.0,0.0,0.0
48439111514,158300.0,156300.0,1323.0,1987.0,72729.0,1260.0,1154.0,1237.379904,53.72245534,111.6451908,62.23105059,36.24854864,2.919425837,11.255311,1775.0,6570.0,27.02,60.0,235.0,620.0,60.0,220.0,395.0,0.0,19.0
48439111516,161300.0,163500.0,1140.0,1990.0,58015.0,1244.0,1112.0,1194.021636,51.04177554,105.0536738,59.00744236,51.74668974,9.051665945,22.41709217,1900.0,5975.0,31.8,125.0,340.0,935.0,110.0,310.0,680.0,0.0,85.0
48439111521,,,,,48507.0,1088.0,991.0,1040.879147,49.34536849,103.3806857,57.58896352,68.89892048,6.34849921,28.40118483,5430.0,8135.0,66.75,,,,,,,,
48439111522,129800.0,136200.0,979.0,1972.0,52983.0,1131.0,1310.0,1179.584602,51.67322816,108.7710906,60.39289448,55.06243294,4.303088299,24.43270987,3545.0,7225.0,49.07,115.0,485.0,890.0,115.0,455.0,470.0,25.0,110.0
48439111523,,,,,46897.0,1134.0,1018.0,1058.717747,48.92925455,108.867184,58.89848993,70.37461253,11.79410609,31.67252783,5305.0,8440.0,62.86,,,,,,,,
48439111524,,,,,49289.0,1130.0,1047.0,1084.24878,50.13349614,104.0620107,58.30034006,62.57934959,5.105365854,29.61890244,4155.0,7570.0,54.89,,,,,,,,
48439111525,122100.0,137800.0,1083.0,1986.0,46015.0,1155.0,989.0,1069.499753,49.97371066,104.6239145,58.26625651,64.42469136,12.68345679,36.37387654,2970.0,5560.0,53.42,245.0,660.0,1025.0,140.0,435.0,535.0,10.0,150.0
48439111526,153800.0,130400.0,929.0,1977.0,52536.0,1130.0,1037.0,1092.832555,50.02752341,104.1821003,58.23039219,66.79097627,5.620536756,29.19393232,1915.0,3825.0,50.07,285.0,525.0,775.0,200.0,320.0,365.0,15.0,85.0
48439111529,207900.0,219400.0,1906.0,1993.0,74654.0,1462.0,1607.0,1500.042189,51.88763676,110.1572532,60.69181787,34.4486047,1.649571523,8.418523401,740.0,4090.0,18.09,130.0,205.0,370.0,115.0,160.0,245.0,0.0,4.0
48439111530,258800.0,246600.0,1319.0,1990.0,83482.0,1726.0,1122.0,1588.626378,52.79612289,108.8452249,60.83763623,33.79580781,2.759330339,13.79812168,730.0,6190.0,11.79,115.0,215.0,415.0,75.0,180.0,255.0,0.0,40.0
48439111531,188800.0,206900.0,1053.0,1983.0,77321.0,1397.0,1317.0,1386.929412,54.0319906,113.2143939,62.72177546,34.23294118,3.809882353,13.78323529,1120.0,4190.0,26.73,185.0,255.0,485.0,150.0,200.0,325.0,25.0,45.0
48439111532,196200.0,197400.0,1329.0,1987.0,77824.0,1368.0,1235.0,1336.121255,52.06677779,109.0127242,60.40867473,33.13457878,1.811773,7.218787452,2175.0,7645.0,28.45,195.0,245.0,705.0,160.0,185.0,360.0,10.0,20.0
48439111533,230700.0,222000.0,1149.0,1983.0,74844.0,1564.0,960.0,1422.534269,52.86183977,109.0812548,60.91059511,41.51858248,5.56848354,14.39255262,1010.0,4970.0,20.32,90.0,230.0,435.0,79.0,149.0,283.0,4.0,48.0
48439111534,180300.0,173200.0,1323.0,1987.0,77806.0,1462.0,1303.0,1432.046639,53.10615934,112.6072103,62.04028222,30.28593202,3.395701875,8.012620027,895.0,6135.0,14.59,225.0,335.0,695.0,120.0,180.0,370.0,75.0,90.0
48439111536,182400.0,187000.0,959.0,1988.0,47727.0,1374.0,803.0,1053.84692,49.94606169,105.737125,58.38884847,60.17433575,11.11304348,34.42518116,1855.0,3705.0,50.07,155.0,380.0,815.0,110.0,335.0,580.0,0.0,75.0
48439111537,,,,,60057.0,1526.0,983.0,1240.798131,49.68300594,108.2200327,59.027302,51.60598131,4.405607477,23.76476636,2800.0,7320.0,38.25,,,,,,,,
48439111538,174700.0,176600.0,1326.0,2004.0,70076.0,1453.0,1306.0,1377.865153,49.76911418,107.1455111,58.70432861,35.97534754,4.446339203,11.61969416,1530.0,5545.0,27.59,10.0,140.0,515.0,10.0,140.0,440.0,0.0,0.0
48439111539,,,,,89081.0,1749.0,1536.0,1711.446484,53.68997166,113.0202941,62.41079146,26.69906477,2.147558019,7.555351576,1655.0,8405.0,19.69,,,,,,,,
48439111540,164200.0,166500.0,1118.0,1992.0,55589.0,1287.0,949.0,1144.778169,51.13865878,109.697077,60.40996847,59.78843897,9.300704225,18.50127641,2130.0,6220.0,34.24,145.0,385.0,800.0,60.0,285.0,400.0,55.0,75.0
48439111541,147100.0,148500.0,1258.0,1985.0,62500.0,1146.0,1399.0,1195.278358,52.6842345,109.6092698,61.14735716,50.19333333,7.910447761,14.72313433,1490.0,4180.0,35.65,135.0,205.0,475.0,85.0,130.0,330.0,0.0,0.0
48439111542,194000.0,192400.0,1361.0,1990.0,92935.0,1458.0,1647.0,1491.253676,53.82383594,115.05202,63.18137711,33.00567227,0.466386555,7.664180672,1565.0,6005.0,26.06,65.0,190.0,445.0,65.0,155.0,260.0,0.0,20.0
48439111543,172400.0,174800.0,1016.0,1989.0,40973.0,1289.0,1094.0,1184.859269,49.95872037,107.6387708,59.02226403,67.15657796,9.030581867,37.89657194,3605.0,6780.0,53.17,365.0,815.0,1150.0,355.0,765.0,955.0,100.0,184.0
48439111544,167300.0,164300.0,1424.0,1991.0,75896.0,1366.0,1428.0,1375.548749,53.70969582,112.436721,62.38757916,35.32214553,5.204831752,10.83891286,1935.0,7205.0,26.86,280.0,430.0,865.0,175.0,325.0,640.0,0.0,0.0
48439111545,456300.0,504500.0,979.0,1983.0,121417.0,2889.0,895.0,2360.069922,53.8659076,114.9153329,63.06902561,31.32149464,1.986237514,8.856048835,425.0,2410.0,17.63,90.0,110.0,165.0,85.0,99.0,114.0,15.0,15.0
48439111546,218500.0,226200.0,1264.0,1981.0,93822.0,1490.0,1469.0,1487.557276,54.25484564,112.273879,62.52595173,27.1809229,1.384520124,6.54838567,1005.0,6705.0,14.99,45.0,165.0,465.0,45.0,155.0,345.0,0.0,15.0
48439111547,,,,,62680.0,1407.0,1485.0,1422.37775,54.05744217,118.2775335,64.16722178,47.50908583,1.03079824,12.67068929,5555.0,14590.0,38.07,,,,,,,,
48439111548,,,,,93600.0,1783.0,1524.0,1764.322115,56.69628275,122.2496524,66.6902458,17.20212704,2.989160839,5.110402098,950.0,5950.0,15.97,,,,,,,,
48439111549,,,,,106894.0,2203.0,1393.0,2009.634837,54.20279013,119.160866,64.21420726,15.52150148,2.765887389,4.712644057,400.0,4640.0,8.62,,,,,,,,
48439111550,,,,,80862.0,1544.0,1750.0,1566.722626,55.15897792,113.3582094,63.22075523,30.40572146,2.757492602,9.460586494,3795.0,14065.0,26.98,,,,,,,,
48439111551,291800.0,293200.0,1475.0,2005.0,100815.0,1926.0,1052.0,1752.706897,52.54324873,109.7820891,60.64775087,35.17876437,3.19862069,13.58797414,795.0,6915.0,11.5,20.0,160.0,335.0,0.0,125.0,285.0,0.0,0.0
48439111552,183600.0,174800.0,1302.0,1975.0,71607.0,1425.0,1152.0,1378.086957,53.06604997,106.2850035,60.37349352,46.30743041,6.602070393,23.49979296,1225.0,3385.0,36.19,100.0,220.0,450.0,100.0,185.0,265.0,0.0,4.0
48439111553,193000.0,208200.0,987.0,1988.0,50275.0,1274.0,1020.0,1089.571429,48.64731347,103.4463875,57.30427236,65.58065242,10.5295838,25.72322835,1270.0,3125.0,40.64,310.0,535.0,885.0,235.0,390.0,555.0,30.0,70.0
48439111554,215100.0,202000.0,1483.0,1982.0,,,,,,,,,,,,,,90.0,125.0,290.0,70.0,110.0,190.0,0.0,0.0
48439111555,236900.0,244900.0,,1999.0,,,,,,,,,,,,,,95.0,255.0,315.0,75.0,165.0,185.0,0.0,4.0
48439111556,132700.0,131400.0,1019.0,1986.0,,,,,,,,,,,,,,240.0,490.0,990.0,240.0,395.0,600.0,65.0,105.0
48439111557,143300.0,147000.0,1075.0,1974.0,,,,,,,,,,,,,,35.0,200.0,500.0,25.0,190.0,275.0,10.0,10.0
48439111558,143700.0,150900.0,1070.0,1982.0,,,,,,,,,,,,,,360.0,560.0,925.0,330.0,480.0,595.0,15.0,120.0
48439111559,,,1143.0,1991.0,,,,,,,,,,,,,,115.0,215.0,385.0,80.0,180.0,320.0,0.0,40.0
48439111560,144900.0,136800.0,1414.0,2000.0,,,,,,,,,,,,,,255.0,415.0,785.0,255.0,320.0,420.0,0.0,0.0
48439111561,185900.0,176400.0,1414.0,,,,,,,,,,,,,,,25.0,260.0,430.0,25.0,260.0,260.0,0.0,0.0
48439111562,204000.0,209700.0,1651.0,2003.0,,,,,,,,,,,,,,45.0,190.0,270.0,45.0,170.0,185.0,0.0,45.0
48439111563,240100.0,239200.0,,2003.0,,,,,,,,,,,,,,0.0,55.0,105.0,0.0,35.0,35.0,0.0,20.0
48439111564,262900.0,265000.0,1545.0,18.0,,,,,,,,,,,,,,0.0,30.0,230.0,0.0,30.0,140.0,0.0,0.0
48439111565,341200.0,347500.0,1474.0,2007.0,,,,,,,,,,,,,,0.0,30.0,200.0,0.0,30.0,120.0,0.0,15.0
48439111566,343300.0,344600.0,1767.0,18.0,,,,,,,,,,,,,,0.0,135.0,195.0,0.0,135.0,135.0,0.0,0.0
48439111567,220400.0,208200.0,1364.0,2004.0,,,,,,,,,,,,,,130.0,130.0,705.0,65.0,65.0,485.0,0.0,15.0
48439111568,198600.0,203300.0,1730.0,2004.0,,,,,,,,,,,,,,35.0,135.0,450.0,35.0,115.0,330.0,0.0,0.0
48439111569,136100.0,143500.0,1155.0,1990.0,,,,,,,,,,,,,,330.0,610.0,935.0,300.0,505.0,700.0,30.0,50.0
48439111570,114600.0,118000.0,991.0,1995.0,,,,,,,,,,,,,,185.0,500.0,780.0,155.0,470.0,565.0,10.0,215.0
48439111571,192500.0,193000.0,999.0,1994.0,,,,,,,,,,,,,,120.0,330.0,670.0,120.0,305.0,395.0,0.0,0.0
48439111572,189900.0,198600.0,1267.0,2007.0,,,,,,,,,,,,,,10.0,25.0,95.0,0.0,0.0,70.0,10.0,10.0
48439113001,,,,,67898.0,1693.0,934.0,1403.451613,51.26055068,104.4988649,58.79647783,47.3541842,4.200280505,14.60624123,630.0,3515.0,17.92,,,,,,,,
48439113002,,,,,36357.0,1268.0,870.0,976.6604857,47.4170208,103.1308117,56.37406632,72.65951435,14.21986755,36.86136865,3365.0,5910.0,56.94,,,,,,,,
48439113003,249500.0,251400.0,940.0,1989.0,,,,,,,,,,,,,,45.0,65.0,205.0,20.0,40.0,130.0,25.0,25.0
48439113004,259100.0,289300.0,892.0,1983.0,,,,,,,,,,,,,,15.0,70.0,95.0,15.0,55.0,65.0,0.0,10.0
48439113005,155700.0,160900.0,849.0,1985.0,,,,,,,,,,,,,,190.0,405.0,515.0,190.0,365.0,385.0,0.0,74.0
48439113006,179900.0,187500.0,1017.0,1987.0,,,,,,,,,,,,,,110.0,150.0,350.0,110.0,150.0,320.0,0.0,145.0
48439113007,116900.0,120900.0,741.0,1982.0,,,,,,,,,,,,,,385.0,570.0,895.0,145.0,290.0,440.0,165.0,230.0
48439113102,243100.0,245100.0,924.0,1984.0,43199.0,1532.0,823.0,1090.119613,50.15043302,110.8488322,60.07082259,66.27199354,9.1537046,39.96014528,1850.0,5070.0,36.49,210.0,435.0,885.0,160.0,385.0,525.0,0.0,50.0
48439113104,262400.0,329100.0,887.0,1987.0,41667.0,2345.0,844.0,1090.291868,49.23743719,107.6249887,58.848552,68.76402065,8.924685382,29.26761859,1685.0,3130.0,53.83,235.0,630.0,1345.0,199.0,589.0,884.0,35.0,120.0
48439113107,225300.0,226800.0,737.0,1984.0,87636.0,1543.0,,,53.85330671,103.5165969,59.88942274,34.37593729,3.69406953,10.18916155,380.0,2370.0,16.03,85.0,245.0,305.0,85.0,220.0,255.0,0.0,60.0
48439113108,267900.0,266200.0,1296.0,1982.0,104688.0,1838.0,,,55.20204635,114.7464878,63.68011209,25.61915264,4.551131747,8.949332559,465.0,4375.0,10.63,90.0,190.0,265.0,80.0,155.0,179.0,0.0,0.0
48439113109,236400.0,259800.0,963.0,1986.0,53838.0,1630.0,905.0,1140.977482,48.74761916,103.8925983,57.49108468,58.88915046,7.225793245,22.80854657,1640.0,3830.0,42.82,195.0,470.0,875.0,180.0,440.0,695.0,10.0,40.0
48439113110,117000.0,98400.0,934.0,1985.0,49245.0,922.0,852.0,877.4697452,47.53346519,94.6815793,54.10577969,63.11669321,8.043312102,24.3683121,2820.0,4830.0,58.39,110.0,390.0,1220.0,100.0,365.0,670.0,10.0,25.0
48439113111,,,,,30421.0,2721.0,760.0,861.1772983,48.40541075,97.79854096,55.30392074,87.4032833,14.89643527,50.79662289,2940.0,4310.0,68.21,,,,,,,,
48439113112,281900.0,319500.0,1417.0,18.0,41856.0,1916.0,674.0,1190.486198,50.60904418,109.4420477,60.03070501,58.32502226,15.80694568,34.28138914,1585.0,3050.0,51.97,55.0,140.0,320.0,50.0,90.0,190.0,0.0,40.0
48439113113,,,,,58333.0,,1079.0,,43.03237606,94.12197355,51.36786397,53.44121642,4.436846767,12.27072631,1470.0,4020.0,36.57,,,,,,,,
48439113114,,,,,43220.0,2534.0,924.0,1202.757794,49.95962726,116.5607547,61.84413053,65.81464428,7.865323741,25.81275779,1515.0,3725.0,40.67,,,,,,,,
48439113115,86700.0,89900.0,824.0,1986.0,40152.0,1000.0,795.0,870.0990099,46.47681139,89.76485062,51.88699693,74.27982398,8.431947195,36.63392739,1460.0,3085.0,47.33,210.0,445.0,950.0,165.0,350.0,560.0,30.0,190.0
48439113116,261400.0,286500.0,876.0,1986.0,38661.0,2187.0,837.0,1050.576609,48.27947752,103.4832556,57.20637625,68.85515261,6.105893019,37.76038078,2390.0,4110.0,58.15,275.0,615.0,1235.0,180.0,415.0,685.0,20.0,195.0
48439113117,277500.0,286300.0,847.0,1985.0,,,,,,,,,,,,,,290.0,410.0,825.0,245.0,355.0,525.0,0.0,75.0
48439113118,,,880.0,1989.0,,,,,,,,,,,,,,315.0,545.0,855.0,315.0,545.0,650.0,0.0,220.0
48439113119,474500.0,500000.0,1125.0,1993.0,,,,,,,,,,,,,,110.0,355.0,815.0,110.0,320.0,575.0,0.0,85.0
48439113120,366500.0,398500.0,,,,,,,,,,,,,,,,10.0,55.0,85.0,10.0,55.0,85.0,0.0,0.0
48439113121,,,914.0,1997.0,,,,,,,,,,,,,,45.0,75.0,225.0,10.0,40.0,100.0,0.0,0.0
48439113122,,,1252.0,1999.0,,,,,,,,,,,,,,60.0,140.0,380.0,54.0,134.0,319.0,4.0,4.0
48439113206,157600.0,186400.0,775.0,1975.0,56505.0,1281.0,886.0,1083.121285,50.18411128,110.112525,60.03331342,56.41051454,3.987727709,22.09894535,2560.0,5560.0,46.04,650.0,900.0,1245.0,580.0,710.0,835.0,70.0,285.0
48439113207,232200.0,226000.0,1159.0,1984.0,93553.0,1610.0,1355.0,1567.336538,53.46387217,114.1040455,62.6026732,28.18615385,3.91025641,8.840769231,690.0,4290.0,16.08,75.0,200.0,370.0,40.0,145.0,240.0,0.0,25.0
48439113210,269300.0,271900.0,1211.0,1992.0,81365.0,1579.0,1389.0,1544.251561,53.49391895,113.6239369,62.52982111,33.75764475,3.508777084,12.61193537,1080.0,6685.0,16.16,105.0,465.0,915.0,105.0,385.0,600.0,0.0,55.0
48439113212,265500.0,268700.0,916.0,1983.0,62756.0,1623.0,939.0,1398.144828,51.11197693,106.4075726,59.17983147,48.54931034,3.062068966,18.76505747,730.0,4265.0,17.12,175.0,370.0,515.0,165.0,350.0,425.0,0.0,35.0
48439113213,155800.0,149300.0,1099.0,1971.0,55500.0,1240.0,1053.0,1186.489231,51.12264859,102.6216699,58.19724372,56.80517949,6.658461538,22.77753846,1065.0,2995.0,35.56,120.0,245.0,605.0,125.0,190.0,365.0,0.0,10.0
48439113214,188400.0,203900.0,992.0,1989.0,71866.0,1240.0,1109.0,1197.461499,50.82337662,109.335878,60.0038519,39.73522459,2.712462006,8.556788247,1470.0,4565.0,32.2,100.0,375.0,715.0,75.0,320.0,530.0,30.0,44.0
48439113215,214600.0,221100.0,1089.0,1982.0,62486.0,1540.0,1126.0,1423.373988,51.84346381,111.8833611,61.21660101,46.27933081,1.067674042,10.46071236,1300.0,4865.0,26.72,65.0,250.0,475.0,55.0,205.0,340.0,0.0,0.0
48439113216,203200.0,221900.0,991.0,1984.0,46164.0,1430.0,947.0,1155.748475,49.50805257,105.243318,58.04712735,64.10317535,5.011731581,31.08113562,1720.0,4735.0,36.33,120.0,530.0,715.0,120.0,445.0,560.0,0.0,95.0
48439113217,187700.0,186600.0,902.0,1982.0,54483.0,1224.0,956.0,1124.801332,50.75678395,107.0454239,59.27439384,54.88697743,7.167591565,20.87330744,1515.0,4590.0,33.01,75.0,320.0,805.0,45.0,240.0,410.0,0.0,4.0
48439113218,245300.0,259500.0,1419.0,2012.0,91875.0,1630.0,1537.0,1623.91411,54.78642596,111.3257136,62.69879658,31.09488753,1.431492843,9.808384458,250.0,2380.0,10.5,70.0,125.0,250.0,70.0,109.0,204.0,0.0,0.0
48439113220,,,,,40132.0,1144.0,914.0,958.2241379,47.18563544,105.0842515,56.98638198,76.66651674,7.435082459,27.76098201,2995.0,5180.0,57.82,,,,,,,,
48439113221,292200.0,270300.0,1404.0,2002.0,60455.0,1831.0,1315.0,1571.968458,49.44527281,104.2267155,57.80211608,50.08037909,2.482807641,15.91714793,775.0,4245.0,18.26,145.0,315.0,810.0,145.0,295.0,640.0,0.0,10.0
48439113222,326900.0,,847.0,1977.0,,,,,,,,,,,,,,80.0,555.0,1055.0,0.0,480.0,575.0,0.0,0.0
48439113223,185800.0,209100.0,1116.0,1986.0,,,,,,,,,,,,,,130.0,340.0,650.0,75.0,275.0,500.0,25.0,40.0
48439113301,178500.0,181400.0,1006.0,1975.0,65141.0,1295.0,1040.0,1222.254601,51.48140737,107.2986377,59.86116136,44.54887526,5.543558282,22.19889571,1050.0,3945.0,26.62,60.0,160.0,350.0,55.0,130.0,180.0,10.0,20.0
48439113302,119100.0,121200.0,765.0,1965.0,36573.0,1156.0,807.0,985.9580292,48.55088337,103.2440077,57.0425202,78.61066504,8.055961071,37.01618005,1920.0,3745.0,51.27,165.0,465.0,885.0,150.0,365.0,429.0,0.0,130.0
48439113403,171200.0,166500.0,1260.0,1967.0,56741.0,1346.0,1059.0,1259.125874,50.89903585,100.2123687,57.26452767,52.47605728,1.474525475,16.60749251,790.0,2540.0,31.1,10.0,110.0,325.0,10.0,10.0,45.0,0.0,10.0
48439113404,174700.0,145700.0,921.0,1972.0,58047.0,1308.0,869.0,1156.722973,50.16960466,103.6581061,58.12093218,53.6821021,8.169369369,28.56608108,1580.0,5005.0,31.57,215.0,575.0,1075.0,215.0,445.0,580.0,0.0,200.0
48439113405,,,,,48711.0,1432.0,843.0,1095.094804,49.41912179,104.0371834,57.79810566,59.91638239,8.239270131,30.35660452,2705.0,5835.0,46.36,,,,,,,,
48439113407,152500.0,178900.0,947.0,1966.0,43381.0,1282.0,760.0,979.9100384,49.25764258,107.0453286,58.57334488,68.04648016,7.417224355,39.35101481,3775.0,5935.0,63.61,210.0,550.0,1005.0,210.0,485.0,515.0,0.0,350.0
48439113408,160600.0,161200.0,989.0,1964.0,46613.0,1144.0,1096.0,1128.92322,50.5647385,106.4074457,59.00656283,63.43741275,1.846440205,22.36779898,2615.0,5055.0,51.73,225.0,505.0,990.0,200.0,390.0,570.0,0.0,110.0
48439113409,198100.0,213800.0,938.0,2002.0,,,,,,,,,,,,,,80.0,185.0,255.0,65.0,115.0,150.0,0.0,10.0
48439113410,167000.0,205600.0,947.0,1985.0,,,,,,,,,,,,,,155.0,430.0,1210.0,145.0,400.0,745.0,10.0,145.0
48439113509,133300.0,142000.0,957.0,1970.0,49706.0,939.0,1021.0,970.178273,50.14214158,105.3998431,58.60658496,62.8404364,10.06016713,23.35577994,2700.0,4405.0,61.29,235.0,310.0,855.0,210.0,255.0,430.0,0.0,0.0
48439113510,258500.0,300900.0,978.0,1989.0,48132.0,1461.0,961.0,1198.043581,47.9746411,102.4297189,56.49890518,61.82610915,3.405418139,20.21702002,1560.0,4115.0,37.91,450.0,740.0,1145.0,450.0,685.0,900.0,0.0,65.0
48439113511,209000.0,207700.0,911.0,1966.0,56719.0,1456.0,938.0,1241.30995,50.54828498,106.336863,58.96050575,52.53089955,0.645955619,18.12748747,995.0,3755.0,26.5,85.0,400.0,660.0,85.0,330.0,380.0,0.0,95.0
48439113512,184900.0,185500.0,1179.0,1986.0,52760.0,1373.0,1149.0,1274.711515,49.43118815,100.77084,56.76645865,54.42658586,4.410181818,20.31705051,1740.0,5110.0,34.05,230.0,455.0,1065.0,155.0,385.0,730.0,15.0,15.0
48439113513,193800.0,186500.0,909.0,1985.0,55915.0,1432.0,840.0,1202.906821,49.68415994,105.0020733,58.258025,55.20115916,3.302719572,24.25430227,1845.0,5300.0,34.81,115.0,360.0,910.0,95.0,340.0,570.0,0.0,40.0
48439113514,168600.0,197800.0,806.0,1970.0,36786.0,1171.0,714.0,883.3960739,48.09139947,102.0139727,56.44599697,71.77752117,12.80046189,41.07124711,3430.0,5210.0,65.83,185.0,485.0,870.0,160.0,405.0,550.0,15.0,205.0
48439113516,230400.0,257100.0,1160.0,1982.0,74161.0,1631.0,1037.0,1439.604154,51.36904525,108.9219037,60.23596922,38.7466331,4.469225928,17.35947137,1120.0,4410.0,25.4,125.0,280.0,405.0,114.0,214.0,273.0,0.0,29.0
48439113517,274600.0,267600.0,1094.0,1984.0,65091.0,1521.0,976.0,1214.889943,48.98626008,106.1891394,58.2603244,45.92430951,2.07311828,17.65698925,1250.0,3610.0,34.63,70.0,185.0,545.0,55.0,160.0,300.0,0.0,15.0
48439113518,,,,,51958.0,1705.0,1071.0,1086.0152,46.25439796,103.5355573,55.89136887,59.2971368,7.66970661,28.65952633,2075.0,4825.0,43.01,,,,,,,,
48439113519,275200.0,275700.0,1366.0,1990.0,79688.0,1519.0,1279.0,1415.546704,50.36631134,104.1859502,58.30688652,37.39994608,1.989486454,17.07424181,1275.0,5590.0,22.81,120.0,350.0,705.0,105.0,320.0,590.0,0.0,15.0
48439113520,198000.0,209500.0,1247.0,1992.0,68409.0,1594.0,1114.0,1269.935829,47.74110336,106.3396472,57.64245149,40.42543078,4.188948307,13.99745989,815.0,5105.0,15.96,200.0,275.0,665.0,155.0,230.0,455.0,0.0,0.0
48439113521,,,1138.0,1992.0,,,,,,,,,,,,,,75.0,275.0,800.0,35.0,235.0,610.0,0.0,0.0
48439113522,285700.0,297600.0,1180.0,1996.0,,,,,,,,,,,,,,60.0,190.0,285.0,60.0,190.0,280.0,0.0,0.0
48439113607,171200.0,164600.0,979.0,1975.0,46410.0,1328.0,922.0,1121.309091,47.95317627,101.2284397,56.16522412,63.78439394,7.013636364,27.02835227,2150.0,4575.0,46.99,175.0,445.0,865.0,160.0,310.0,535.0,0.0,20.0
48439113610,,,,,149315.0,3213.0,1581.0,3075.318545,56.3660572,118.3771122,65.18709107,16.13276768,1.743709091,7.283587879,475.0,10495.0,4.53,,,,,,,,
48439113611,287800.0,296900.0,1755.0,1978.0,101439.0,1803.0,1810.0,1803.443419,53.67795281,105.359535,60.11449269,30.19405494,2.115621156,9.74403444,605.0,4405.0,13.73,85.0,200.0,375.0,40.0,150.0,245.0,4.0,14.0
48439113612,319000.0,306200.0,1218.0,1987.0,96757.0,1819.0,1220.0,1787.404396,53.60817965,105.8545612,60.21685427,30.3567033,3.497582418,13.26285714,650.0,4130.0,15.74,140.0,245.0,435.0,100.0,180.0,270.0,10.0,45.0
48439113613,230500.0,232700.0,968.0,1980.0,74464.0,1529.0,797.0,1401.655238,52.05853949,103.5433688,58.80693644,39.1592381,4.532825397,14.91092063,870.0,4315.0,20.16,115.0,170.0,565.0,85.0,130.0,175.0,0.0,10.0
48439113618,182100.0,170600.0,1017.0,1983.0,67528.0,1433.0,824.0,1245.740642,50.53096517,103.6824475,58.20552695,46.16818182,4.13083779,21.14777184,1495.0,6225.0,24.02,10.0,420.0,760.0,10.0,335.0,410.0,0.0,25.0
48439113619,290200.0,306300.0,824.0,1976.0,32486.0,2130.0,809.0,939.5859599,48.41820029,109.6098096,58.89058193,79.83139128,5.874307545,43.04952245,2550.0,4585.0,55.62,225.0,630.0,1370.0,200.0,555.0,805.0,25.0,290.0
48439113622,487600.0,481600.0,1846.0,2011.0,162050.0,3060.0,1670.0,2996.141838,55.51150135,113.7120805,63.31236588,13.54721974,1.071543265,5.286663693,330.0,5720.0,5.77,65.0,190.0,415.0,55.0,180.0,380.0,0.0,0.0
48439113623,265800.0,270900.0,1746.0,1986.0,89563.0,1627.0,1964.0,1644.203497,54.6369664,107.1562263,61.21703354,26.14829837,3.290629371,9.99965035,715.0,3835.0,18.64,30.0,55.0,170.0,35.0,60.0,125.0,0.0,0.0
48439113624,242900.0,244600.0,1448.0,1983.0,88056.0,1495.0,1222.0,1460.42437,52.67127057,104.7116918,59.64344672,27.90964386,2.290516206,9.50270108,660.0,4050.0,16.3,80.0,110.0,250.0,80.0,109.0,189.0,0.0,0.0
48439113625,313900.0,351400.0,1258.0,1983.0,103490.0,1866.0,1174.0,1772.01194,53.50286012,109.5137029,61.32471735,26.85975124,1.791044776,12.02962687,490.0,3265.0,15.01,15.0,30.0,115.0,15.0,25.0,70.0,0.0,0.0
48439113626,258500.0,264100.0,1188.0,1982.0,81188.0,1532.0,1035.0,1443.295747,52.096912,105.9225483,59.58616531,38.18810137,1.531443299,13.93240979,515.0,4065.0,12.67,35.0,160.0,310.0,35.0,105.0,190.0,0.0,0.0
48439113627,,,,,46140.0,1451.0,848.0,1037.232811,48.13946036,104.789158,57.40842659,64.70469707,7.207896528,31.34111641,2215.0,5120.0,43.26,,,,,,,,
48439113628,270700.0,273000.0,974.0,1987.0,52973.0,1696.0,918.0,1083.110357,45.91172651,101.6318728,55.18516095,57.29292586,2.949405772,28.27657046,1875.0,4035.0,46.47,175.0,385.0,765.0,175.0,375.0,525.0,0.0,0.0
48439113629,219000.0,196300.0,1151.0,1986.0,67027.0,1676.0,994.0,1297.46161,49.5004202,102.0756926,57.14680973,47.2573543,2.670490287,23.19028677,1270.0,4005.0,31.71,165.0,400.0,760.0,130.0,345.0,560.0,35.0,65.0
48439113630,232100.0,249600.0,897.0,1982.0,52108.0,1380.0,800.0,1074.488372,47.77957938,100.8392156,56.0028415,62.37852713,4.88744186,22.50767442,1085.0,3930.0,27.61,235.0,400.0,725.0,160.0,305.0,395.0,45.0,85.0
48439113631,,,,,56556.0,1646.0,1014.0,1216.536182,48.61456701,107.6483209,58.52032531,54.45435332,7.036250861,28.88442453,2870.0,6775.0,42.36,,,,,,,,
48439113632,428700.0,439500.0,1458.0,2001.0,147228.0,2629.0,1750.0,2591.224793,56.90738225,117.4693597,65.36823938,12.44852158,1.537410468,4.091239669,425.0,5100.0,8.33,60.0,100.0,170.0,35.0,65.0,105.0,0.0,0.0
48439113633,393200.0,399600.0,1653.0,1987.0,134028.0,2315.0,1448.0,2211.417822,54.88317979,111.606407,62.55746642,14.65733773,1.155907591,5.773135314,805.0,4525.0,17.79,75.0,110.0,240.0,50.0,85.0,120.0,0.0,0.0
48439113634,583100.0,599700.0,,1965.0,170000.0,3079.0,1656.0,2994.20585,55.16264556,112.7159893,62.76692705,11.57367281,2.546045504,4.253900325,535.0,5020.0,10.66,25.0,29.0,79.0,25.0,29.0,59.0,0.0,0.0
48439113635,279200.0,296600.0,965.0,2000.0,,,,,,,,,,,,,,160.0,330.0,610.0,140.0,215.0,295.0,20.0,20.0
48439113636,306300.0,310200.0,1158.0,1988.0,,,,,,,,,,,,,,25.0,320.0,580.0,25.0,320.0,475.0,0.0,0.0
48439113637,265400.0,272300.0,918.0,1986.0,,,,,,,,,,,,,,150.0,370.0,1100.0,140.0,330.0,800.0,35.0,140.0
48439113638,258300.0,226800.0,1049.0,1991.0,,,,,,,,,,,,,,140.0,140.0,280.0,125.0,125.0,240.0,0.0,0.0
48439113639,470700.0,484000.0,,1991.0,,,,,,,,,,,,,,115.0,140.0,405.0,75.0,100.0,305.0,0.0,0.0
48439113640,692200.0,693600.0,,,,,,,,,,,,,,,,40.0,50.0,110.0,40.0,50.0,110.0,0.0,0.0
48439113703,,,,,72461.0,1842.0,1216.0,1432.820132,49.76334481,109.5347694,59.74879794,38.57654137,4.337906137,11.86665959,2525.0,8225.0,30.7,,,,,,,,
48439113705,,,,,46290.0,1420.0,888.0,1120.415371,48.78860328,100.0053299,56.27287732,67.1273254,7.378591034,27.23778591,2230.0,5100.0,43.73,,,,,,,,
48439113707,377600.0,386500.0,1943.0,1986.0,122800.0,2199.0,1732.0,2128.094241,55.43517087,117.9961411,64.84382218,17.30635253,2.095078534,8.323560209,380.0,4845.0,7.84,85.0,150.0,245.0,65.0,130.0,150.0,10.0,10.0
48439113709,364600.0,367800.0,1602.0,1995.0,121122.0,2081.0,1158.0,2004.178175,55.27870554,108.8362931,62.02226582,16.84714344,0.770900123,7.874784217,635.0,4705.0,13.5,100.0,155.0,250.0,85.0,135.0,195.0,10.0,20.0
48439113710,241600.0,242100.0,1207.0,1984.0,57404.0,1518.0,1008.0,1306.857494,49.7366663,107.5756212,59.0144201,54.62923833,1.167076167,11.12850123,1385.0,4040.0,34.28,135.0,240.0,550.0,135.0,210.0,425.0,35.0,70.0
48439113711,316500.0,332600.0,1197.0,1985.0,86875.0,1730.0,1081.0,1484.25061,51.62654684,107.110243,59.94963453,33.89609756,2.402439024,12.03170732,725.0,3820.0,18.98,90.0,145.0,400.0,70.0,115.0,265.0,0.0,15.0
48439113712,271200.0,287800.0,1351.0,1996.0,,,,,,,,,,,,,,220.0,475.0,955.0,200.0,355.0,640.0,65.0,85.0
48439113713,,,980.0,1992.0,,,,,,,,,,,,,,0.0,50.0,280.0,0.0,30.0,70.0,0.0,0.0
48439113714,324600.0,369800.0,665.0,1969.0,,,,,,,,,,,,,,80.0,205.0,415.0,50.0,105.0,145.0,30.0,60.0
48439113715,,718800.0,1493.0,2004.0,,,,,,,,,,,,,,75.0,475.0,955.0,75.0,475.0,805.0,0.0,0.0
48439113716,234000.0,223300.0,1261.0,1997.0,,,,,,,,,,,,,,65.0,105.0,410.0,30.0,30.0,265.0,30.0,30.0
48439113803,168700.0,164500.0,1288.0,1987.0,72332.0,1305.0,1331.0,1310.376927,52.51898774,109.4491869,60.93396709,33.72348042,2.567145136,10.73763955,1170.0,5450.0,21.47,105.0,235.0,510.0,75.0,155.0,315.0,0.0,40.0
48439113808,155100.0,156500.0,1180.0,1980.0,69145.0,1249.0,1347.0,1264.368281,52.80558882,109.1478357,60.96706148,42.97766918,3.33185251,15.46130609,1830.0,6610.0,27.69,275.0,475.0,775.0,275.0,385.0,460.0,15.0,30.0
48439113809,142500.0,153800.0,1273.0,1972.0,58185.0,1108.0,1316.0,1153.283202,51.8927312,107.7806902,60.08958861,52.52051749,3.177198302,14.7155852,1815.0,4610.0,39.37,75.0,275.0,545.0,45.0,190.0,270.0,0.0,0.0
48439113810,140400.0,147500.0,1113.0,1981.0,61159.0,1101.0,1148.0,1113.599212,51.61280469,108.2635583,60.17721063,47.61454227,5.324047306,17.84822602,2145.0,4730.0,45.35,165.0,235.0,585.0,150.0,205.0,315.0,0.0,0.0
48439113811,156200.0,158400.0,1171.0,2001.0,43683.0,1086.0,1079.0,1082.415038,47.76070645,103.4025766,56.62466431,66.74975331,4.264298401,21.5642984,1350.0,3960.0,34.09,55.0,225.0,510.0,20.0,150.0,275.0,0.0,0.0
48439113812,328700.0,342700.0,1659.0,1996.0,90357.0,1881.0,1377.0,1783.360582,54.44040581,115.0014022,63.40187909,23.28368794,2.071668533,8.401119821,640.0,5470.0,11.7,75.0,140.0,260.0,60.0,80.0,114.0,0.0,10.0
48439113813,364100.0,366100.0,,1983.0,126125.0,2193.0,,,58.84001902,121.6251865,67.67271362,14.66670652,2.063837418,4.542139868,355.0,5085.0,6.98,10.0,25.0,240.0,10.0,25.0,225.0,0.0,0.0
48439113814,437300.0,444700.0,2778.0,1985.0,147500.0,2624.0,2904.0,2633.063361,57.25477561,120.0912095,66.10169591,13.43177227,0.896418733,2.93292011,370.0,3865.0,9.57,30.0,45.0,160.0,15.0,30.0,85.0,0.0,0.0
48439113815,538600.0,526900.0,2333.0,2003.0,180161.0,2881.0,3501.0,2889.257492,58.16154343,121.6835205,67.04671606,8.116315205,0.521642619,2.548890122,170.0,5125.0,3.32,15.0,40.0,60.0,15.0,40.0,60.0,0.0,10.0
48439113816,410200.0,416800.0,1690.0,1992.0,134865.0,2580.0,1648.0,2521.098434,54.91371214,115.8032635,63.5652326,19.05917226,0.938255034,9.465939597,390.0,4770.0,8.18,4.0,49.0,124.0,4.0,24.0,64.0,0.0,0.0
48439113906,719600.0,735800.0,1052.0,1989.0,200365.0,3597.0,,,57.74156649,122.3728196,67.0906538,9.919371004,0.916122343,3.943182996,350.0,5880.0,5.95,70.0,145.0,180.0,65.0,140.0,150.0,0.0,0.0
48439113907,,,,,187400.0,3553.0,2680.0,3494.218506,57.64514704,119.8807206,66.40249573,16.63489719,4.040660295,7.583666377,350.0,5670.0,6.17,,,,,,,,
48439113908,645700.0,651700.0,2969.0,1999.0,204659.0,3678.0,3031.0,3659.004793,58.80757006,123.0637803,67.9506371,6.55298582,0.778909527,2.516476932,295.0,5455.0,5.41,15.0,60.0,100.0,4.0,19.0,43.0,0.0,0.0
48439113909,,,,,206060.0,4001.0,,,58.50304656,120.7132878,67.18768366,14.02420584,3.056834843,7.562483829,370.0,6680.0,5.54,,,,,,,,
48439113910,,,,,171146.0,2830.0,2857.0,2830.56602,58.1738617,123.7320873,67.54274455,16.6797038,3.142678348,10.20394243,415.0,7090.0,5.85,,,,,,,,
48439113911,,,,,67703.0,1535.0,1137.0,1342.646365,49.7533894,109.0418885,59.26069627,47.19646365,10.12472635,23.1714847,2115.0,6335.0,33.39,,,,,,,,
48439113912,434100.0,454700.0,1398.0,2003.0,132338.0,2537.0,934.0,2321.519528,54.26848468,115.2568429,63.02309387,25.58062368,2.083197094,14.19868302,395.0,5915.0,6.68,10.0,45.0,190.0,10.0,45.0,180.0,0.0,0.0
48439113916,159500.0,160100.0,1117.0,1993.0,58250.0,1254.0,1095.0,1192.534722,49.74817383,105.871712,58.42512703,53.34417438,7.836111111,22.05856481,1620.0,3985.0,40.65,165.0,380.0,710.0,140.0,320.0,560.0,10.0,140.0
48439113917,189800.0,203500.0,1169.0,1999.0,71681.0,1408.0,1263.0,1366.885925,51.36483862,109.5735905,60.40951037,42.11908084,3.114320886,17.89203939,2055.0,6375.0,32.24,165.0,420.0,795.0,110.0,325.0,560.0,0.0,15.0
48439113918,150200.0,142100.0,1228.0,1991.0,60040.0,1175.0,1085.0,1134.294606,49.56435235,107.0748283,58.58805724,51.05646611,2.270954357,14.47245851,1370.0,5300.0,25.85,125.0,385.0,715.0,115.0,365.0,505.0,0.0,25.0
48439113919,239700.0,244700.0,1610.0,1994.0,99661.0,1597.0,2123.0,1629.263113,56.24851615,115.9374092,64.62267418,18.54120135,1.099830795,7.678172589,635.0,7840.0,8.1,100.0,200.0,465.0,100.0,185.0,335.0,0.0,15.0
48439113920,242400.0,237700.0,1453.0,1999.0,96500.0,1706.0,1550.0,1678.649351,54.17648264,113.2560706,62.73078843,20.55120031,1.490909091,4.02957497,1015.0,5800.0,17.5,10.0,50.0,195.0,4.0,29.0,119.0,0.0,0.0
48439113921,,,,,92139.0,1910.0,1256.0,1731.168525,53.6403597,115.8251353,63.17878508,27.89453989,2.781062295,7.508013115,2680.0,16235.0,16.51,,,,,,,,
48439113922,,,,,98231.0,1712.0,1639.0,1692.615165,54.58132374,119.6755508,64.82880508,26.46904611,2.739593909,9.318337563,2470.0,16085.0,15.36,,,,,,,,
48439113923,194300.0,196600.0,1306.0,2005.0,75000.0,1653.0,1314.0,1427.613297,49.78384108,113.8077392,60.70644729,43.38448666,3.691723202,10.93602442,365.0,2355.0,15.5,60.0,260.0,650.0,25.0,200.0,385.0,0.0,15.0
48439113924,179100.0,182800.0,1314.0,2010.0,64773.0,1316.0,1261.0,1295.926017,50.75509434,111.1510312,60.40936367,44.50197287,3.206411837,14.3919852,1470.0,4970.0,29.58,65.0,160.0,420.0,65.0,150.0,220.0,0.0,0.0
48439113925,158800.0,157200.0,1352.0,1986.0,72765.0,1357.0,1290.0,1343.858687,52.57809307,111.9215221,61.55712222,40.94790219,2.753359073,14.01220077,575.0,4125.0,13.94,15.0,115.0,370.0,15.0,80.0,200.0,0.0,10.0
48439113926,,,,,88125.0,1548.0,1213.0,1453.586135,53.1019682,117.466968,63.42088947,30.42402601,0.783835569,5.03807699,2145.0,9660.0,22.2,,,,,,,,
48439113927,,,,,92476.0,1609.0,1584.0,1602.044397,54.20277144,120.2073649,64.77550223,24.21203665,0.461057082,7.928118393,1305.0,8550.0,15.26,,,,,,,,
48439113928,,,,,84059.0,1466.0,1633.0,1498.047145,55.16821573,117.9132531,64.67503117,25.92220009,2.722443559,5.596978752,1170.0,6615.0,17.69,,,,,,,,
48439113929,,,,,106593.0,1875.0,1836.0,1869.470478,56.05736802,119.4194634,65.42786277,11.06546321,1.115607371,4.013689357,670.0,8585.0,7.8,,,,,,,,
48439113930,243400.0,238700.0,1371.0,1998.0,,,,,,,,,,,,,,20.0,260.0,495.0,20.0,230.0,419.0,0.0,20.0
48439113931,243500.0,246500.0,1389.0,18.0,,,,,,,,,,,,,,85.0,235.0,640.0,85.0,215.0,475.0,0.0,15.0
48439113932,350300.0,357500.0,,2014.0,,,,,,,,,,,,,,15.0,310.0,390.0,15.0,310.0,370.0,0.0,145.0
48439113933,,,1593.0,18.0,,,,,,,,,,,,,,80.0,140.0,240.0,70.0,130.0,230.0,0.0,20.0
48439113934,270200.0,279500.0,,2005.0,,,,,,,,,,,,,,40.0,130.0,745.0,40.0,125.0,275.0,40.0,40.0
48439113935,233800.0,234600.0,1633.0,,,,,,,,,,,,,,,0.0,40.0,75.0,0.0,40.0,75.0,0.0,0.0
48439113936,273500.0,277100.0,1688.0,2002.0,,,,,,,,,,,,,,0.0,65.0,250.0,0.0,65.0,155.0,0.0,0.0
48439113937,,,,,,,,,,,,,,,,,,0.0,0.0,0.0,0.0,0.0,0.0,0.0,0.0
48439113938,222300.0,222300.0,1191.0,2007.0,,,,,,,,,,,,,,0.0,45.0,45.0,0.0,45.0,45.0,0.0,0.0
48439113939,290100.0,295100.0,1722.0,2006.0,,,,,,,,,,,,,,45.0,160.0,185.0,45.0,160.0,185.0,0.0,0.0
48439113940,266300.0,264500.0,1579.0,,,,,,,,,,,,,,,0.0,40.0,280.0,0.0,0.0,160.0,0.0,0.0
48439113941,223000.0,226100.0,1082.0,2003.0,,,,,,,,,,,,,,95.0,250.0,830.0,95.0,250.0,625.0,0.0,0.0
48439113942,237500.0,241300.0,1638.0,2004.0,,,,,,,,,,,,,,20.0,35.0,305.0,20.0,35.0,285.0,0.0,0.0
48439113943,322000.0,315600.0,,2010.0,,,,,,,,,,,,,,0.0,20.0,145.0,0.0,20.0,105.0,0.0,0.0
48439113944,267900.0,268500.0,1755.0,2000.0,,,,,,,,,,,,,,20.0,30.0,105.0,20.0,30.0,80.0,0.0,0.0
48439113945,300900.0,304100.0,,1966.0,,,,,,,,,,,,,,10.0,65.0,180.0,10.0,10.0,90.0,0.0,55.0
48439113946,258100.0,250100.0,964.0,1998.0,,,,,,,,,,,,,,225.0,485.0,500.0,210.0,475.0,475.0,0.0,40.0
48439113947,324200.0,324600.0,1778.0,,,,,,,,,,,,,,,25.0,250.0,250.0,25.0,250.0,250.0,0.0,0.0
48439113948,211700.0,216000.0,1096.0,1999.0,,,,,,,,,,,,,,340.0,400.0,530.0,330.0,390.0,480.0,0.0,0.0
48439113949,308900.0,280600.0,3501.0,2008.0,,,,,,,,,,,,,,100.0,100.0,100.0,100.0,100.0,100.0,0.0,0.0
48439113950,310300.0,312000.0,1157.0,2009.0,,,,,,,,,,,,,,40.0,55.0,280.0,40.0,40.0,230.0,0.0,40.0
48439113951,210100.0,219900.0,1469.0,2003.0,,,,,,,,,,,,,,140.0,190.0,600.0,50.0,90.0,420.0,0.0,0.0
48439113952,334700.0,339800.0,979.0,2002.0,,,,,,,,,,,,,,345.0,535.0,725.0,290.0,460.0,530.0,80.0,95.0
48439113953,570000.0,491000.0,,2005.0,,,,,,,,,,,,,,165.0,310.0,350.0,60.0,170.0,194.0,15.0,15.0
48439113954,665900.0,796500.0,,,,,,,,,,,,,,,,35.0,105.0,195.0,30.0,40.0,60.0,0.0,0.0
48439113955,719100.0,722400.0,2250.0,1980.0,,,,,,,,,,,,,,45.0,75.0,75.0,45.0,75.0,75.0,0.0,0.0
48439113956,774100.0,969600.0,,1974.0,,,,,,,,,,,,,,15.0,125.0,145.0,0.0,90.0,90.0,0.0,65.0
48439113957,643800.0,631900.0,,,,,,,,,,,,,,,,100.0,115.0,135.0,35.0,50.0,70.0,0.0,0.0
48439113958,934500.0,887100.0,,,,,,,,,,,,,,,,20.0,20.0,85.0,20.0,20.0,85.0,0.0,0.0
48439114003,180000.0,186000.0,1122.0,2005.0,76976.0,1384.0,1376.0,1382.830543,54.92402133,118.121497,64.59569953,34.07739213,3.768721927,13.07880768,1620.0,6740.0,24.04,235.0,430.0,935.0,215.0,345.0,525.0,0.0,200.0
48439114005,,,,,74871.0,1359.0,1177.0,1302.259978,52.16239043,113.4342278,61.67563048,42.43128371,2.703200288,16.69119022,1580.0,6915.0,22.85,,,,,,,,
48439114006,142700.0,148500.0,1050.0,1979.0,77386.0,1237.0,1073.0,1191.91014,51.56201206,110.6279706,60.63923271,38.12775488,8.243363561,16.83281121,1985.0,6685.0,29.69,285.0,385.0,685.0,90.0,175.0,300.0,180.0,225.0
48439114007,,,,,83440.0,1416.0,1218.0,1385.032415,53.32788778,115.7831189,62.93685608,34.67343328,1.439708266,9.482232577,2490.0,10950.0,22.74,,,,,,,,
48439114008,,,,,73148.0,1366.0,1443.0,1386.962162,53.67025134,119.7364743,64.45006791,36.08761671,1.005798526,7.66002457,3425.0,9340.0,36.67,,,,,,,,
48439114009,175400.0,184700.0,1725.0,2006.0,,,,,,,,,,,,,,50.0,250.0,545.0,45.0,45.0,105.0,0.0,40.0
48439114010,298900.0,272400.0,1537.0,1998.0,,,,,,,,,,,,,,0.0,195.0,905.0,0.0,195.0,770.0,0.0,0.0
48439114011,202700.0,206600.0,1570.0,1997.0,,,,,,,,,,,,,,80.0,150.0,235.0,55.0,125.0,170.0,0.0,0.0
48439114012,214800.0,214900.0,1383.0,2003.0,,,,,,,,,,,,,,50.0,205.0,535.0,30.0,180.0,310.0,0.0,0.0
48439114013,205900.0,205100.0,1341.0,2006.0,,,,,,,,,,,,,,280.0,575.0,1535.0,220.0,515.0,1360.0,15.0,30.0
48439114014,197700.0,207100.0,1337.0,1997.0,,,,,,,,,,,,,,15.0,260.0,805.0,15.0,200.0,495.0,0.0,35.0
48439114015,162500.0,182300.0,694.0,1982.0,,,,,,,,,,,,,,70.0,74.0,299.0,35.0,39.0,89.0,0.0,35.0
48439114102,,,,,95610.0,1791.0,1004.0,1600.511533,53.38037127,118.2129945,63.46508599,32.13948418,1.066978102,11.87614599,1465.0,7545.0,19.42,,,,,,,,
48439114103,,,,,94122.0,1718.0,1492.0,1669.606935,55.10588542,124.7082194,66.41414913,26.68603097,2.384267046,8.189093026,2270.0,16570.0,13.7,,,,,,,,
48439114104,,,,,121544.0,2171.0,1391.0,2107.91689,57.55844312,127.522746,68.37551248,16.70163837,0.0,4.774664879,1305.0,5510.0,23.68,,,,,,,,
48439114105,469600.0,527700.0,,,,,,,,,,,,,,,,90.0,120.0,175.0,50.0,50.0,95.0,0.0,0.0
48439114106,243100.0,245600.0,1295.0,2004.0,,,,,,,,,,,,,,20.0,340.0,480.0,20.0,305.0,425.0,0.0,0.0
48439114107,266000.0,248700.0,1117.0,1998.0,,,,,,,,,,,,,,75.0,120.0,325.0,75.0,120.0,240.0,45.0,45.0
48439114108,306300.0,298400.0,995.0,1990.0,,,,,,,,,,,,,,65.0,155.0,405.0,55.0,145.0,270.0,0.0,0.0
48439114109,249000.0,254400.0,1827.0,2007.0,,,,,,,,,,,,,,130.0,215.0,775.0,130.0,215.0,525.0,0.0,0.0
48439114110,317900.0,327300.0,,,,,,,,,,,,,,,,25.0,25.0,245.0,25.0,25.0,110.0,0.0,0.0
48439114111,445200.0,452400.0,647.0,18.0,,,,,,,,,,,,,,95.0,120.0,255.0,45.0,70.0,180.0,10.0,55.0
48439114112,289400.0,299100.0,,,,,,,,,,,,,,,,100.0,130.0,165.0,100.0,100.0,135.0,0.0,0.0
48439114113,204200.0,204700.0,1222.0,1997.0,,,,,,,,,,,,,,30.0,30.0,260.0,30.0,30.0,175.0,0.0,4.0
48439114203,158900.0,181800.0,637.0,1983.0,49107.0,1101.0,847.0,1034.456869,52.93313644,117.429753,62.95401491,57.60500532,8.616400426,34.38541001,1820.0,5360.0,33.96,285.0,600.0,1045.0,215.0,425.0,485.0,4.0,163.0
48439114204,204700.0,213900.0,745.0,1977.0,58277.0,1376.0,899.0,1219.7825,51.70061632,116.1181541,62.08680798,56.05680556,10.57666667,24.20441667,1810.0,5505.0,32.88,285.0,475.0,915.0,75.0,260.0,465.0,235.0,275.0
48439114205,132000.0,147100.0,770.0,1973.0,50461.0,1099.0,756.0,1007.135158,51.53215517,113.0254618,61.03923099,59.54051962,8.484245439,26.60464345,1355.0,3210.0,42.21,230.0,365.0,585.0,120.0,195.0,240.0,15.0,60.0
48439114206,291200.0,340300.0,709.0,1979.0,90602.0,2042.0,645.0,1886.872483,54.71748672,118.4926291,64.2028204,36.40569453,6.690909091,19.86461257,1745.0,4180.0,41.75,150.0,505.0,695.0,110.0,210.0,265.0,4.0,229.0
48439114207,204600.0,213600.0,1135.0,1974.0,81776.0,1548.0,1149.0,1486.336364,54.80612294,121.1654261,65.34800587,32.78181818,2.057489177,9.499480519,1115.0,4980.0,22.39,85.0,125.0,420.0,45.0,79.0,234.0,0.0,20.0
48439121601,,,,,53417.0,1752.0,1026.0,1489.133358,52.07831073,111.2134045,61.12544469,53.31874315,6.438582389,28.30215564,2975.0,6890.0,43.18,,,,,,,,
48439121604,,,,,45222.0,1261.0,888.0,1034.021704,48.76484874,103.749421,57.29861282,68.02976956,6.22926045,35.7829582,2825.0,5065.0,55.77,,,,,,,,
48439121605,174400.0,186400.0,625.0,1970.0,57813.0,1235.0,811.0,1105.690209,50.59701741,103.2591925,58.0906478,51.8423221,12.71974318,33.45521669,725.0,2720.0,26.65,215.0,345.0,650.0,150.0,220.0,320.0,80.0,105.0
48439121606,262400.0,260800.0,1391.0,1984.0,87813.0,1913.0,1373.0,1844.60596,53.74276792,112.4611414,62.14917798,36.08780353,4.030463576,14.77177152,505.0,3340.0,15.12,30.0,145.0,290.0,30.0,125.0,205.0,0.0,0.0
48439121608,188000.0,198700.0,1177.0,1981.0,69674.0,1394.0,1274.0,1368.194793,52.22974537,109.5855581,60.67567293,40.25580199,6.756798457,16.92545805,1185.0,5000.0,23.7,140.0,365.0,725.0,114.0,264.0,404.0,0.0,100.0
48439121609,282100.0,274800.0,1577.0,1981.0,112006.0,2069.0,1393.0,1989.489075,53.55747331,111.3267662,61.63501847,27.28343406,0.29716411,10.60199907,285.0,6040.0,4.72,45.0,260.0,465.0,50.0,240.0,370.0,0.0,10.0
48439121610,187000.0,186900.0,962.0,1977.0,75647.0,1393.0,1051.0,1320.960912,51.51578141,105.5197938,59.04174967,41.30119435,3.95135722,14.9970684,720.0,2310.0,31.17,80.0,250.0,340.0,49.0,154.0,184.0,15.0,44.0
48439121611,185000.0,189000.0,1394.0,1983.0,75423.0,1295.0,1395.0,1319.481865,52.99437583,112.4971577,61.97603373,36.71541451,0.827979275,8.680310881,1095.0,4530.0,24.17,100.0,185.0,440.0,90.0,160.0,295.0,0.0,4.0
48439121612,254400.0,283400.0,1080.0,1987.0,,,,,,,,,,,,,,175.0,310.0,400.0,65.0,200.0,230.0,0.0,50.0
48439121613,186800.0,175600.0,843.0,1982.0,,,,,,,,,,,,,,310.0,445.0,685.0,235.0,370.0,415.0,15.0,175.0
48439121614,,,816.0,1985.0,,,,,,,,,,,,,,170.0,340.0,670.0,170.0,340.0,340.0,50.0,130.0
48439121615,179100.0,171200.0,985.0,1980.0,,,,,,,,,,,,,,165.0,290.0,450.0,135.0,255.0,330.0,30.0,65.0
48439121702,119600.0,223200.0,894.0,1991.0,31514.0,1388.0,758.0,816.2093213,47.82446909,104.5286475,57.09349384,75.498719,18.52428455,48.05511038,1015.0,1880.0,53.99,295.0,485.0,730.0,250.0,410.0,505.0,130.0,285.0
48439121703,206300.0,244800.0,835.0,1975.0,31423.0,1313.0,782.0,875.5979263,46.68735299,101.0747852,55.43282896,79.646851,16.27834101,47.24717742,3970.0,5350.0,74.21,500.0,835.0,1260.0,465.0,720.0,805.0,20.0,339.0
48439121704,109100.0,113000.0,730.0,1973.0,32423.0,1038.0,797.0,880.5638963,47.47646976,99.82783228,55.52257319,79.47143283,6.645218945,47.1100983,2535.0,3795.0,66.8,275.0,555.0,730.0,265.0,430.0,474.0,40.0,265.0
48439121903,,,,,26455.0,1290.0,713.0,790.4883463,48.12840931,108.2277815,58.41179889,84.98028117,17.87613762,54.29267481,4570.0,5850.0,78.12,,,,,,,,
48439121904,121800.0,141900.0,823.0,1977.0,30784.0,1201.0,756.0,862.9194631,45.89978496,101.2318402,55.03135434,84.51051454,16.99651007,49.61711409,2460.0,4265.0,57.68,295.0,610.0,905.0,215.0,425.0,565.0,60.0,365.0
48439121905,216700.0,,792.0,1983.0,25833.0,1508.0,702.0,743.0875106,42.12484874,92.0986374,50.14159056,86.73882753,16.08632116,56.44137638,4270.0,5400.0,79.07,985.0,1455.0,1795.0,800.0,1175.0,1305.0,505.0,910.0
48439121906,139100.0,152500.0,876.0,1974.0,32882.0,1365.0,817.0,942.9630451,46.31986202,104.3656016,56.29503341,80.2831732,7.92609017,47.06378418,2420.0,3385.0,71.49,255.0,570.0,845.0,240.0,545.0,560.0,0.0,170.0
48439121907,168300.0,172500.0,807.0,1978.0,,,,,,,,,,,,,,430.0,715.0,1120.0,325.0,540.0,640.0,25.0,490.0
48439121908,,,908.0,1979.0,,,,,,,,,,,,,,65.0,255.0,405.0,45.0,215.0,305.0,20.0,135.0
48439122001,98800.0,91400.0,976.0,1972.0,48385.0,985.0,921.0,963.3760218,51.04672843,108.58938,60.11362916,64.06176203,1.634877384,27.51235241,2535.0,3685.0,68.79,135.0,305.0,565.0,120.0,200.0,220.0,10.0,20.0
48439122002,122100.0,126500.0,877.0,1974.0,31556.0,947.0,750.0,820.8314607,46.34813874,102.1129727,55.63265281,81.55426305,14.70561798,48.78407138,2275.0,3695.0,61.57,345.0,710.0,1135.0,310.0,580.0,679.0,0.0,200.0
48439122100,98200.0,93500.0,843.0,1973.0,35913.0,981.0,946.0,971.2807018,50.71233884,101.5462501,57.73755616,77.70583124,6.74726817,41.09037594,4455.0,6390.0,69.72,275.0,755.0,1395.0,160.0,445.0,715.0,95.0,205.0
48439122200,80700.0,89300.0,765.0,1973.0,25529.0,992.0,630.0,730.3613793,45.52810274,94.88542577,53.10372626,87.69287356,17.95972414,57.49544828,1270.0,1755.0,72.36,175.0,440.0,650.0,140.0,290.0,335.0,15.0,249.0
48439122300,235900.0,,784.0,1985.0,19661.0,,750.0,,43.98961426,94.76856533,52.02672057,88.86514253,28.52091448,70.82624894,2745.0,3400.0,80.74,545.0,820.0,980.0,420.0,660.0,675.0,30.0,400.0
48439122400,,,,,28521.0,1351.0,688.0,878.6645723,47.58290629,101.8928471,56.1353267,77.44201708,19.40918318,52.37791203,3680.0,5625.0,65.42,,,,,,,,
48439122401,,,732.0,1984.0,,,,,,,,,,,,,,450.0,555.0,715.0,300.0,355.0,355.0,10.0,465.0
48439122402,197700.0,187000.0,850.0,1979.0,,,,,,,,,,,,,,235.0,400.0,690.0,195.0,345.0,450.0,0.0,220.0
48439122500,165300.0,169100.0,949.0,1973.0,52375.0,1260.0,993.0,1163.15401,50.06165554,103.1318513,57.8125051,58.82262347,9.602973978,26.23340414,1270.0,4140.0,30.68,215.0,525.0,830.0,160.0,420.0,559.0,10.0,285.0
48439122600,209900.0,208500.0,982.0,1975.0,54500.0,1541.0,1011.0,1314.420074,49.87184893,105.0002413,58.26323836,54.53234201,7.879553903,31.57589839,1450.0,3715.0,39.03,30.0,375.0,615.0,25.0,325.0,359.0,0.0,80.0
48439122700,,,,,37237.0,1062.0,738.0,861.0192132,46.48497191,92.05672886,52.61107368,78.94885636,12.10576395,42.35233303,2645.0,5110.0,51.76,,,,,,,,
48439122701,170500.0,164900.0,821.0,1975.0,,,,,,,,,,,,,,190.0,340.0,465.0,165.0,285.0,295.0,0.0,190.0
48439122702,166000.0,201500.0,1055.0,1978.0,,,,,,,,,,,,,,175.0,380.0,670.0,175.0,365.0,520.0,0.0,60.0
48439122801,137000.0,156300.0,873.0,1977.0,31268.0,1101.0,769.0,815.1467181,47.5347942,104.5554862,57.01505268,83.5437323,16.07042471,48.43976834,2960.0,3825.0,77.39,380.0,760.0,1105.0,245.0,575.0,730.0,25.0,339.0
48439122802,154200.0,139200.0,807.0,1973.0,36679.0,1081.0,697.0,874.7413572,48.11542072,102.2963717,56.63450857,74.85253948,7.798207426,36.2784251,2415.0,4455.0,54.21,415.0,805.0,1060.0,295.0,590.0,695.0,45.0,450.0
48439122900,,,,,38698.0,1048.0,899.0,972.3256158,49.09182709,103.8372934,57.53833001,75.74239737,6.182463054,38.44714286,5965.0,7605.0,78.44,,,,,,,,
48439122901,95800.0,96000.0,888.0,1971.0,,,,,,,,,,,,,,150.0,395.0,675.0,80.0,220.0,270.0,0.0,90.0
48439122902,109100.0,110500.0,783.0,1971.0,,,,,,,,,,,,,,190.0,340.0,450.0,190.0,305.0,305.0,0.0,140.0
48439123000,,,,,48469.0,1869.0,805.0,1196.624161,50.7075614,107.6608896,59.436955,56.70121276,11.20169551,35.7552455,3085.0,6445.0,47.87,,,,,,,,
48439123001,330600.0,298000.0,1097.0,1979.0,,,,,,,,,,,,,,560.0,715.0,990.0,470.0,605.0,665.0,15.0,90.0
48439123002,893900.0,734800.0,870.0,1977.0,,,,,,,,,,,,,,125.0,365.0,560.0,80.0,320.0,464.0,0.0,155.0
48439123100,83100.0,114300.0,514.0,2000.0,23427.0,651.0,845.0,737.7270876,47.72840349,97.67979175,55.04172292,83.367074,28.06028513,62.76924644,1885.0,2235.0,84.34,495.0,635.0,855.0,420.0,465.0,545.0,135.0,235.0
48439123200,87000.0,132300.0,1328.0,2008.0,63315.0,,1273.0,,44.80965398,98.4362682,53.686068,46.3673225,9.063473054,25.20615911,995.0,1470.0,67.69,260.0,385.0,605.0,210.0,285.0,414.0,20.0,65.0
48439123300,,,,,65034.0,1497.0,1398.0,1428.592705,47.79909215,83.59064508,50.87480177,48.88848362,6.474974671,17.97203647,1015.0,2425.0,41.86,,,,,,,,
48439123301,324000.0,278600.0,1423.0,1992.0,,,,,,,,,,,,,,75.0,85.0,170.0,75.0,85.0,175.0,0.0,0.0
48439123302,286300.0,270400.0,1091.0,1981.0,,,,,,,,,,,,,,265.0,395.0,510.0,35.0,145.0,260.0,170.0,190.0
48439123400,,,,,29643.0,1783.0,699.0,993.1936937,46.57474719,86.66521764,51.10582692,71.65765766,24.28198198,50.26238739,1380.0,1725.0,80.0,,,,,,,,
48439123500,58700.0,123100.0,622.0,1962.0,27207.0,862.0,733.0,810.3426029,48.69718068,101.342266,56.68097408,87.55483871,24.65850945,57.88420467,2220.0,2565.0,86.55,295.0,500.0,690.0,140.0,240.0,305.0,20.0,180.0
48439123600,,183300.0,967.0,1993.0,25815.0,892.0,740.0,769.589803,45.38643563,94.76389193,52.87369414,82.33449208,24.5617613,53.73337196,2290.0,2440.0,93.85,405.0,565.0,805.0,370.0,500.0,640.0,110.0,300.0
48439123700,349700.0,397900.0,1259.0,2003.0,,,,,,,,,,,,,,235.0,400.0,545.0,145.0,290.0,334.0,50.0,190.0
48439980000,,,,,,,,,,,,,,,,,0.0,0.0,0.0,0.0,0.0,0.0,0.0,0.0,0.0
