OBJECTID,GEOID,STATE,COUNTY,TRACT,LOWMOD,LOWMODUNIV,LOWMODPCT,UCLMOD,UCLMODU,UCLMODPCT,Shape__Area,Shape__Length
13304,48439103601,48,439,103601,2150.0,2355.0,91.3,,,,0.00019653902973,0.0594116975644521
13305,48439103602,48,439,103602,1265.0,2355.0,53.72,,,,0.0001385513114655,0.0470910851504721
13324,48439111013,48,439,111013,3125.0,7590.0,41.17,,,,0.0012814163337679,0.144188362337242
13325,48439105703,48,439,105703,1855.0,3350.0,55.37,,,,0.0001701963542473,0.0655332253107366
13326,48439113816,48,439,113816,390.0,4770.0,8.18,,,,0.000546343116639,0.130043875862403
13327,48439121605,48,439,121605,725.0,2720.0,26.65,,,,0.0002605592944746,0.0808395117022068
13345,48439113812,48,439,113812,640.0,5470.0,11.7,,,,0.000427181988698,0.0946784953074455
13346,48439113813,48,439,113813,355.0,5085.0,6.98,,,,0.0003867517716571,0.0839551542624014
13347,48439101302,48,439,101302,2360.0,3145.0,75.04,,,,0.0004782193411756,0.133210401344307
13348,48439113514,48,439,113514,3430.0,5210.0,65.83,,,,0.0002111799583417,0.0683124688990457
13349,48439113516,48,439,113516,1120.0,4410.0,25.4,,,,0.0002630454246173,0.0685740525377365
13350,48439113607,48,439,113607,2150.0,4575.0,46.99,,,,0.0001941350624292,0.0658895391831792
13351,48439113610,48,439,113610,475.0,10495.0,4.53,,,,0.0018129996776679,0.20305839599565
13356,48439102700,48,439,102700,855.0,3260.0,26.23,,,,0.0001680222292179,0.0687005264217557
13357,48439102800,48,439,102800,270.0,1435.0,18.82,,,,0.0001699784659194,0.0757516714408389
13359,48439113811,48,439,113811,1350.0,3960.0,34.09,,,,0.0003038867118903,0.0879277992420671
13375,48439113611,48,439,113611,605.0,4405.0,13.73,,,,0.00030238366935,0.0874581504916743
13376,48439110901,48,439,110901,630.0,4050.0,15.56,,,,0.000621115615786,0.121283819888543
13377,48439113618,48,439,113618,1495.0,6225.0,24.02,,,,0.0003174415528519,0.072160298782629
13383,48439104804,48,439,104804,2420.0,3165.0,76.46,,,,0.0002044909681444,0.0662356683449197
13384,48439110600,48,439,110600,1280.0,2480.0,51.61,,,,0.00051339136985,0.118612373442148
13385,48439100101,48,439,100101,3065.0,5480.0,55.93,,,,0.0002340284715955,0.0641012427810819
13386,48439100102,48,439,100102,2915.0,4600.0,63.37,,,,0.0002735802352162,0.0751338015794105
13387,48439100201,48,439,100201,3680.0,5160.0,71.32,,,,0.0002008834153457,0.0602300483774181
13388,48439104503,48,439,104503,1630.0,2350.0,69.36,,,,0.000161013223078,0.0512131955953919
13418,48439113709,48,439,113709,635.0,4705.0,13.5,,,,0.0004763831436775,0.0942449673131328
13419,48439113927,48,439,113927,1305.0,8550.0,15.26,,,,0.0018551484090494,0.231929465697695
13439,48439101401,48,439,101401,1935.0,4460.0,43.39,,,,0.0003758955613193,0.0829123170922898
13441,48439104400,48,439,104400,3550.0,5710.0,62.17,,,,0.0002387662798355,0.0660021749578672
13442,48439110704,48,439,110704,2025.0,3690.0,54.88,,,,0.0004937072321808,0.11839087671326
13443,48439110703,48,439,110703,2010.0,3995.0,50.31,,,,0.00031682193503,0.0820860642871143
13470,48439113619,48,439,113619,2550.0,4585.0,55.62,,,,0.0001577929899667,0.0569603267999679
13474,48439111407,48,439,111407,460.0,3200.0,14.38,,,,0.0005162575312169,0.146928394403717
13496,48439105902,48,439,105902,3260.0,3850.0,84.68,,,,0.0005674867722973,0.0993071824159652
13497,48439110906,48,439,110906,1050.0,4365.0,24.05,,,,0.0018339895079861,0.224167774559481
13521,48439113710,48,439,113710,1385.0,4040.0,34.28,,,,0.0002100668261846,0.0743911624443117
13522,48439113711,48,439,113711,725.0,3820.0,18.98,,,,0.0001758408523073,0.0697019360176025
13523,48439102100,48,439,102100,2165.0,5320.0,40.7,,,,0.0003543207401435,0.0932765891179685
13524,48439121702,48,439,121702,1015.0,1880.0,53.99,,,,0.0006702570356083,0.10974194820811
13525,48439121703,48,439,121703,3970.0,5350.0,74.21,,,,0.0001806848672458,0.070232520008166
13526,48439100501,48,439,100501,5815.0,8330.0,69.81,,,,0.0006495488153177,0.133948895035057
13539,48439111308,48,439,111308,590.0,1510.0,39.07,,,,0.0002651415782111,0.074522782098088
13547,48439113622,48,439,113622,330.0,5720.0,5.77,,,,0.0008747111107823,0.15240577806456
13548,48439113623,48,439,113623,715.0,3835.0,18.64,,,,0.0002257884791561,0.0782894233637789
13549,48439113803,48,439,113803,1170.0,5450.0,21.47,,,,0.0002430309953069,0.0719149246563103
13569,48439111005,48,439,111005,3815.0,8410.0,45.36,,,,0.0007175521218414,0.121738658948942
13593,48439110809,48,439,110809,225.0,1745.0,12.89,,,,0.0002748693134435,0.0732318186642569
13594,48439111203,48,439,111203,1545.0,4330.0,35.68,,,,0.0016340428808234,0.205965395623651
13655,48439111529,48,439,111529,740.0,4090.0,18.09,,,,0.0002055129205018,0.0662724133045452
13656,48439113919,48,439,113919,635.0,7840.0,8.1,,,,0.0003166269350458,0.0825469340818329
13657,48439113511,48,439,113511,995.0,3755.0,26.5,,,,0.0003666738023184,0.114463945695587
13668,48439111549,48,439,111549,400.0,4640.0,8.62,,,,0.0006901250576447,0.177025524930885
13669,48439111003,48,439,111003,710.0,2730.0,26.01,,,,0.0003250157428738,0.0799485840636917
13670,48439105800,48,439,105800,3025.0,4520.0,66.92,,,,0.0001601296971784,0.0603863121896378
13671,48439111404,48,439,111404,3245.0,7910.0,41.02,,,,0.0008302611286126,0.176300057636932
13672,48439113513,48,439,113513,1845.0,5300.0,34.81,,,,0.0002454194429901,0.0759265105943987
13692,48439121903,48,439,121903,4570.0,5850.0,78.12,,,,0.0002697895483834,0.0718480805108684
13693,48439101301,48,439,101301,1555.0,4795.0,32.43,,,,0.0003181550375757,0.0889615406737574
13694,48439122002,48,439,122002,2275.0,3695.0,61.57,,,,0.0001297116295972,0.0577508144084345
13695,48439122001,48,439,122001,2535.0,3685.0,68.79,,,,0.0001246480430836,0.0507598195618047
13696,48439103500,48,439,103500,4030.0,5135.0,78.48,,,,0.0003716724436344,0.103920965738266
13699,48439113626,48,439,113626,515.0,4065.0,12.67,,,,0.0002156877212655,0.0741809038231262
13700,48439113627,48,439,113627,2215.0,5120.0,43.26,,,,0.0002333257082227,0.0811410311515531
13702,48439110807,48,439,110807,1710.0,5855.0,29.21,,,,0.0019154250985593,0.22508011363691
13703,48439113002,48,439,113002,3365.0,5910.0,56.94,,,,0.0010595775638648,0.195485461427671
13704,48439102602,48,439,102602,2455.0,3665.0,66.98,,,,0.0002698791599868,0.125055608861439
13706,48439113921,48,439,113921,2680.0,16235.0,16.51,,,,0.0013533021087823,0.154596967966168
13707,48439123300,48,439,123300,1015.0,2425.0,41.86,,,,0.0004436195779362,0.112950459398797
13708,48439100800,48,439,100800,3925.0,5790.0,67.79,,,,0.0003433478977967,0.0842153813826233
13709,48439111102,48,439,111102,3005.0,5550.0,54.14,,,,0.0005671411029197,0.132281583491835
13731,48439105205,48,439,105205,3745.0,4945.0,75.73,,,,0.0001124177654219,0.0549247469077877
13732,48439105204,48,439,105204,1975.0,3055.0,64.65,,,,8.87362261892122e-05,0.0445002841408307
13733,48439113922,48,439,113922,2470.0,16085.0,15.36,,,,0.0013948068483387,0.166702523213177
13735,48439113116,48,439,113116,2390.0,4110.0,58.15,,,,8.36900999274803e-05,0.0462203261579502
13736,48439113115,48,439,113115,1460.0,3085.0,47.33,,,,0.0001046938198214,0.0487983145555172
13737,48439113911,48,439,113911,2115.0,6335.0,33.39,,,,0.0007086137436544,0.126793040353479
13738,48439110401,48,439,110401,2175.0,4250.0,51.18,,,,0.0005485525712174,0.160104770656558
13739,48439110402,48,439,110402,3170.0,4580.0,69.21,,,,0.0003098909162417,0.0823861622997505
13740,48439110500,48,439,110500,3830.0,7505.0,51.03,,,,0.0005117042474012,0.133371758104691
13741,48439113404,48,439,113404,1580.0,5005.0,31.57,,,,0.0003281920055542,0.0805301268930927
13746,48439104802,48,439,104802,3900.0,5085.0,76.7,,,,0.0002335770902845,0.0788647379271995
13747,48439105701,48,439,105701,1570.0,3250.0,48.31,,,,0.0002033292446412,0.0680289654445395
13758,48439105007,48,439,105007,1155.0,4240.0,27.24,,,,0.0004956814682373,0.0974112763402674
13759,48439110302,48,439,110302,3765.0,5240.0,71.85,,,,0.0002825356345965,0.0726535812041544
13762,48439113908,48,439,113908,295.0,5455.0,5.41,,,,0.0005993901422698,0.123444853514144
13766,48439104300,48,439,104300,2665.0,5175.0,51.5,,,,0.0002802555277412,0.0904851701350682
13767,48439105203,48,439,105203,750.0,2205.0,34.01,,,,0.0001549206401705,0.058203614814673
13768,48439113918,48,439,113918,1370.0,5300.0,25.85,,,,0.0001571842278735,0.0573112176208183
13769,48439104701,48,439,104701,3150.0,4220.0,74.64,,,,0.0001202835196636,0.0451733741167757
13770,48439113633,48,439,113633,805.0,4525.0,17.79,,,,0.0002897923811815,0.07353829562409
13771,48439121601,48,439,121601,2975.0,6890.0,43.18,,,,0.0006078918709135,0.116765852812277
13772,48439104702,48,439,104702,2740.0,3320.0,82.53,,,,0.0003267903089181,0.0858993022385019
13773,48439104803,48,439,104803,5400.0,6880.0,78.49,,,,0.000181439392918,0.0796942636707867
13792,48439104602,48,439,104602,3025.0,4475.0,67.6,,,,0.0002259928721741,0.0646907237682108
13793,48439104603,48,439,104603,2630.0,3420.0,76.9,,,,0.0002389207697888,0.0640932393356955
13794,48439104605,48,439,104605,2335.0,4070.0,57.37,,,,0.0004380589325592,0.103051967948103
13795,48439106001,48,439,106001,2710.0,7020.0,38.6,,,,0.0004956305490395,0.113809324995873
13798,48439111304,48,439,111304,695.0,6645.0,10.46,,,,0.0004362780796327,0.0912696769463423
13799,48439111104,48,439,111104,1165.0,2520.0,46.23,,,,0.0002594456950646,0.107624777751209
13800,48439110202,48,439,110202,2005.0,3800.0,52.76,,,,0.0002555427770403,0.0642887136495319
13807,48439113206,48,439,113206,2560.0,5560.0,46.04,,,,0.0003687129972149,0.111013777301141
13808,48439113207,48,439,113207,690.0,4290.0,16.08,,,,0.0002729014108808,0.078962115965037
13809,48439113210,48,439,113210,1080.0,6685.0,16.16,,,,0.0005485503813815,0.116138982486967
13810,48439113212,48,439,113212,730.0,4265.0,17.12,,,,0.0003177173175572,0.0974764738164755
13811,48439100400,48,439,100400,5210.0,8365.0,62.28,,,,0.0002340536050269,0.0735671817017471
13816,48439111506,48,439,111506,2420.0,6115.0,39.57,,,,0.0004171551906893,0.109919988889611
13817,48439111017,48,439,111017,1010.0,9970.0,10.13,,,,0.0014315828982489,0.172444199975975
13818,48439114007,48,439,114007,2490.0,10950.0,22.74,,,,0.0014226023747596,0.174672209380454
13821,48439113112,48,439,113112,1585.0,3050.0,51.97,,,,0.0001469272121994,0.0538197734717959
13823,48439105201,48,439,105201,3590.0,5460.0,65.75,,,,0.0002198837494233,0.059279540120542
13825,48439113631,48,439,113631,2870.0,6775.0,42.36,,,,0.0002801228711177,0.086978906209123
13826,48439113814,48,439,113814,370.0,3865.0,9.57,,,,0.0003646079690042,0.108318240973526
13827,48439113113,48,439,113113,1470.0,4020.0,36.57,,,,0.0001710615965748,0.0717692673364899
13828,48439111301,48,439,111301,2385.0,8815.0,27.06,,,,0.004161196308587,0.349326958499032
13829,48439100202,48,439,100202,3885.0,5170.0,75.15,,,,0.0005597703668627,0.129377987699352
13830,48439100300,48,439,100300,3445.0,4690.0,73.45,,,,0.0008575961544465,0.141650406927815
13831,48439110701,48,439,110701,3495.0,6950.0,50.29,,,,0.0004842520397687,0.129725837107612
13838,48439113907,48,439,113907,350.0,5670.0,6.17,,,,0.002036549988361,0.239228454842901
13847,48439110808,48,439,110808,250.0,1485.0,16.84,,,,0.005228398857298,0.366035501174009
13848,48439104202,48,439,104202,1320.0,3155.0,41.84,,,,0.0002067136456389,0.0624723364336629
13849,48439104100,48,439,104100,1820.0,3745.0,48.6,,,,0.0001250199170499,0.0469155425527939
13850,48439100502,48,439,100502,4735.0,6965.0,67.98,,,,0.0003721064153978,0.105267267051533
13851,48439100601,48,439,100601,885.0,2110.0,41.94,,,,0.0030057308874802,0.435080271671461
13867,48439105406,48,439,105406,1350.0,5175.0,26.09,,,,0.0002490554425094,0.0896764924489003
13868,48439105404,48,439,105404,455.0,3790.0,12.01,,,,0.0003182482794272,0.0742204006785676
13869,48439102402,48,439,102402,1465.0,4510.0,32.48,,,,0.0003548506156221,0.0791150256250593
13870,48439100602,48,439,100602,965.0,2125.0,45.41,,,,0.0015582066994284,0.213377188264737
13883,48439102000,48,439,102000,565.0,905.0,62.43,,,,0.0005017051098548,0.105372033655928
13916,48439100900,48,439,100900,1670.0,2100.0,79.52,,,,0.0001511339264652,0.0601093900212056
13917,48439101201,48,439,101201,785.0,1720.0,45.64,,,,0.0017336325922769,0.237701709960843
13924,48439101402,48,439,101402,2470.0,3145.0,78.54,,,,0.0002051768287856,0.062736056553182
13929,48439104502,48,439,104502,2655.0,3330.0,79.73,,,,0.0001778630075932,0.0616217993761196
13930,48439105503,48,439,105503,1615.0,4765.0,33.89,,,,0.0003497500022149,0.0829327611174395
13931,48439111313,48,439,111313,340.0,4310.0,7.89,,,,0.0015719548187007,0.273772167840082
13932,48439111008,48,439,111008,1565.0,6050.0,25.87,,,,0.0014514114252506,0.197156381046858
13933,48439122500,48,439,122500,1270.0,4140.0,30.68,,,,0.0002323955573046,0.0626962966467603
13934,48439122600,48,439,122600,1450.0,3715.0,39.03,,,,0.0002368639950418,0.063647899019234
13935,48439113220,48,439,113220,2995.0,5180.0,57.82,,,,0.0002796438484438,0.0833620861162534
13936,48439101202,48,439,101202,3035.0,4190.0,72.43,,,,0.0005290400833928,0.112838089062128
13938,48439121606,48,439,121606,505.0,3340.0,15.12,,,,0.0007327162870751,0.125049620258011
13950,48439113923,48,439,113923,365.0,2355.0,15.5,,,,0.0003747065215975,0.0970529136648679
13951,48439113925,48,439,113925,575.0,4125.0,13.94,,,,0.000137792894975,0.0575623437828134
13953,48439110806,48,439,110806,315.0,3935.0,8.01,,,,0.0011838610646464,0.154213187819666
13956,48439111547,48,439,111547,5555.0,14590.0,38.07,,,,0.00099808099867,0.14647901328952
13957,48439111310,48,439,111310,1685.0,6460.0,26.08,,,,0.0005978353428872,0.112246687329377
13958,48439122200,48,439,122200,1270.0,1755.0,72.36,,,,0.0001411925206866,0.0688611515379577
13959,48439122300,48,439,122300,2745.0,3400.0,80.74,,,,0.0002256963764466,0.0719768160212078
13960,48439122400,48,439,122400,3680.0,5625.0,65.42,,,,0.0003209178989891,0.0995976310482429
13961,48439122700,48,439,122700,2645.0,5110.0,51.76,,,,0.0002493360796052,0.06210016615087
13962,48439122900,48,439,122900,5965.0,7605.0,78.44,,,,0.0002546759947108,0.0639658307679775
13963,48439113707,48,439,113707,380.0,4845.0,7.84,,,,0.000702607574567,0.143670527324554
13964,48439111545,48,439,111545,425.0,2410.0,17.63,,,,0.0005091081932278,0.112030449217413
13965,48439111513,48,439,111513,895.0,4055.0,22.07,,,,0.0004463632942588,0.0902307952554602
13966,48439111536,48,439,111536,1855.0,3705.0,50.07,,,,0.0003871715255172,0.082261052473013
13967,48439111537,48,439,111537,2800.0,7320.0,38.25,,,,0.0003886317526848,0.0820001631237082
13991,48439123400,48,439,123400,1380.0,1725.0,80.0,,,,0.0001741014821163,0.058402716168558
13992,48439123500,48,439,123500,2220.0,2565.0,86.55,,,,0.0002316577415513,0.0774180715744375
13993,48439123600,48,439,123600,2290.0,2440.0,93.85,,,,0.0002406373048415,0.107361765067553
13994,48439123000,48,439,123000,3085.0,6445.0,47.87,,,,0.0005631112157971,0.113956128466855
13995,48439113634,48,439,113634,535.0,5020.0,10.66,,,,0.0006128685404291,0.10897994205831
13996,48439114203,48,439,114203,1820.0,5360.0,33.96,,,,0.0033439905007526,0.282044877523134
13997,48439114204,48,439,114204,1810.0,5505.0,32.88,,,,0.0012457818691018,0.17096417926187
13998,48439121608,48,439,121608,1185.0,5000.0,23.7,,,,0.0002835367038187,0.0701365424033634
13999,48439113926,48,439,113926,2145.0,9660.0,22.2,,,,0.0042177837165127,0.331286567534406
14000,48439105008,48,439,105008,2035.0,6030.0,33.75,,,,0.0004997159271624,0.11221938272439
14001,48439114008,48,439,114008,3425.0,9340.0,36.67,,,,0.0014731943713286,0.276220803262929
14006,48439113632,48,439,113632,425.0,5100.0,8.33,,,,0.0004811046721897,0.0980599934800782
14007,48439113928,48,439,113928,1170.0,6615.0,17.69,,,,0.0008151047939009,0.128156995151788
14008,48439110907,48,439,110907,810.0,2805.0,28.88,,,,0.0002774447041247,0.106477451207981
14009,48439111012,48,439,111012,2175.0,7725.0,28.16,,,,0.0003176633331349,0.0729219193544507
14010,48439102301,48,439,102301,1940.0,3130.0,61.98,,,,0.0004073867041825,0.0909700596073957
14011,48439121609,48,439,121609,285.0,6040.0,4.72,,,,0.0006260563534397,0.145983488345888
14012,48439121610,48,439,121610,720.0,2310.0,31.17,,,,0.0001244069019321,0.0490675358294299
14013,48439121611,48,439,121611,1095.0,4530.0,24.17,,,,0.0002887425391691,0.0821563147912698
14016,48439101403,48,439,101403,2985.0,4295.0,69.5,,,,0.0002718865580391,0.0685822755539479
14031,48439106300,48,439,106300,1975.0,2925.0,67.52,,,,0.000247840347356,0.0717167725443083
14032,48439113408,48,439,113408,2615.0,5055.0,51.73,,,,0.000354899335889,0.0765840771964657
14033,48439111306,48,439,111306,1485.0,4540.0,32.71,,,,0.001205896194051,0.192016989121
14034,48439111202,48,439,111202,3400.0,6035.0,56.34,,,,0.0003908108717496,0.117078357020031
14052,48439114205,48,439,114205,1355.0,3210.0,42.21,,,,0.0008206928041545,0.189372993760271
14084,48439113703,48,439,113703,2525.0,8225.0,30.7,,,,0.0025991944323777,0.241684916944184
14099,48439102601,48,439,102601,1960.0,3265.0,60.03,,,,0.0002009165261824,0.0781689340743398
14100,48439114005,48,439,114005,1580.0,6915.0,22.85,,,,0.0004105444852484,0.0857499743359044
14101,48439114006,48,439,114006,1985.0,6685.0,29.69,,,,0.000304089041947,0.077973774632447
14104,48439111409,48,439,111409,755.0,4860.0,15.53,,,,0.0004425535739756,0.115112473125348
14133,48439122100,48,439,122100,4455.0,6390.0,69.72,,,,0.0004169731073488,0.10760594290307
14134,48439111526,48,439,111526,1915.0,3825.0,50.07,,,,0.0002085695030018,0.0745339173657594
14148,48439111553,48,439,111553,1270.0,3125.0,40.64,,,,0.0002186102381074,0.0717488978677706
14149,48439113916,48,439,113916,1620.0,3985.0,40.65,,,,0.0001807812257084,0.0617576642347931
14157,48439114206,48,439,114206,1745.0,4180.0,41.75,,,,0.0018394550793345,0.191521612997266
14158,48439105511,48,439,105511,3140.0,6030.0,52.07,,,,0.0002687900041564,0.0768435255757144
14159,48439105512,48,439,105512,1305.0,4015.0,32.5,,,,0.0002542468862429,0.0775531280237731
14160,48439105508,48,439,105508,2000.0,6145.0,32.55,,,,0.0003649263976512,0.0798633304973644
14161,48439111010,48,439,111010,855.0,2925.0,29.23,,,,0.0081003332238651,0.40448218461301
14162,48439105505,48,439,105505,1715.0,4125.0,41.58,,,,0.0002062555654447,0.0632604828005609
14166,48439114003,48,439,114003,1620.0,6740.0,24.04,,,,0.0011097875944869,0.171455847099829
14198,48439111408,48,439,111408,495.0,2160.0,22.92,,,,0.0010900961628976,0.191744570126289
14204,48439100700,48,439,100700,2880.0,4225.0,68.17,,,,0.0004443977279606,0.182878101503278
14222,48439111550,48,439,111550,3795.0,14065.0,26.98,,,,0.0005863707228854,0.111786783420704
14223,48439113216,48,439,113216,1720.0,4735.0,36.33,,,,0.0003039294579139,0.0845377491203495
14229,48439121905,48,439,121905,4270.0,5400.0,79.07,,,,0.0001228110859301,0.0505119429022371
14246,48439111548,48,439,111548,950.0,5950.0,15.97,,,,0.0015125719887692,0.202974468456242
14247,48439111406,48,439,111406,300.0,3045.0,9.85,,,,0.0007066746950386,0.113757557339732
14248,48439111307,48,439,111307,1245.0,2890.0,43.08,,,,0.0003298653969068,0.082817463328823
14249,48439113217,48,439,113217,1515.0,4590.0,33.01,,,,0.0002739962994837,0.0797327284425479
14250,48439113218,48,439,113218,250.0,2380.0,10.5,,,,0.000346026731222,0.0976041983697083
14251,48439113301,48,439,113301,1050.0,3945.0,26.62,,,,0.0003814511044311,0.0980867236069283
14252,48439113302,48,439,113302,1920.0,3745.0,51.27,,,,0.0003363919920502,0.0867017823048621
14253,48439113403,48,439,113403,790.0,2540.0,31.1,,,,0.0002293018903856,0.0619833760494942
14258,48439121906,48,439,121906,2420.0,3385.0,71.49,,,,0.0001348680593764,0.0524101976802197
14276,48439121904,48,439,121904,2460.0,4265.0,57.68,,,,0.000219626622993,0.102912854440976
14298,48439113512,48,439,113512,1740.0,5110.0,34.05,,,,0.0003096112072853,0.0846305035092565
14305,48439106400,48,439,106400,1585.0,2505.0,63.27,,,,0.0008945428926381,0.148412027815896
14327,48439113612,48,439,113612,650.0,4130.0,15.74,,,,0.0003836111816326,0.0927073203666949
14328,48439113613,48,439,113613,870.0,4315.0,20.16,,,,0.0004116327420433,0.097276274716179
14329,48439102401,48,439,102401,1475.0,4120.0,35.8,,,,0.0003031283392829,0.0865009621633487
14330,48439102500,48,439,102500,2465.0,3400.0,72.5,,,,0.0002617176669446,0.076845549189956
14347,48439110903,48,439,110903,530.0,1720.0,30.81,,,,0.0001953350463281,0.0798526876238718
14348,48439123200,48,439,123200,995.0,1470.0,67.69,,,,0.0007628294465575,0.12701623436253
14349,48439105901,48,439,105901,2375.0,2935.0,80.92,,,,0.0002070838445433,0.0772416196883946
14350,48439111314,48,439,111314,300.0,3710.0,8.09,,,,0.0004965766911482,0.140590190925839
14371,48439113906,48,439,113906,350.0,5880.0,5.95,,,,0.0012547583014566,0.174554948004243
14389,48439113705,48,439,113705,2230.0,5100.0,43.73,,,,0.0012369513331123,0.220721993490222
14390,48439103702,48,439,103702,2330.0,3115.0,74.8,,,,0.0001433669351627,0.057423798807242
14391,48439104601,48,439,104601,2920.0,3740.0,78.07,,,,0.0002173188536289,0.0637890143059129
14395,48439106201,48,439,106201,2455.0,3175.0,77.32,,,,0.0001482434688568,0.062467647381668
14396,48439106202,48,439,106202,3420.0,4360.0,78.44,,,,0.0002991296903473,0.087986086163018
14406,48439110203,48,439,110203,2980.0,8415.0,35.41,,,,0.0005109817734592,0.0902014938824293
14407,48439110204,48,439,110204,2530.0,5720.0,44.23,,,,0.0005320851221313,0.0999296230434883
14408,48439110301,48,439,110301,2370.0,3280.0,72.26,,,,0.0005927247059389,0.106783980882221
14409,48439113407,48,439,113407,3775.0,5935.0,63.61,,,,0.0001955747795818,0.075041210957542
14410,48439106002,48,439,106002,1800.0,3360.0,53.57,,,,0.0013598376920072,0.148363955947011
14411,48439106004,48,439,106004,2520.0,4140.0,60.87,,,,0.0020709273151169,0.346003916408904
14412,48439106101,48,439,106101,1100.0,1545.0,71.2,,,,0.0003502080721773,0.0892966439061443
14413,48439106102,48,439,106102,2610.0,2985.0,87.44,,,,0.0002781474124731,0.0781109059450566
14428,48439111309,48,439,111309,1825.0,3670.0,49.73,,,,0.0004045497321385,0.0860230322530912
14429,48439111552,48,439,111552,1225.0,3385.0,36.19,,,,0.0002532983558012,0.0793820912910771
14431,48439105704,48,439,105704,4525.0,8660.0,52.25,,,,0.0003002741950695,0.0699818326252438
14432,48439105405,48,439,105405,1745.0,3620.0,48.2,,,,0.0007417650326715,0.125492640785459
14433,48439111011,48,439,111011,2425.0,8610.0,28.16,,,,0.0004622229587312,0.110440787707481
14444,48439114102,48,439,114102,1465.0,7545.0,19.42,,,,0.0028124289585775,0.227138078387142
14445,48439113815,48,439,113815,170.0,5125.0,3.32,,,,0.0005245103179731,0.114752184052792
14452,48439111551,48,439,111551,795.0,6915.0,11.5,,,,0.0003366015548635,0.0835542819793882
14468,48439105600,48,439,105600,2495.0,4830.0,51.66,,,,0.0002458524381836,0.0768962076136724
14469,48439105502,48,439,105502,2125.0,5380.0,39.5,,,,0.0003366419173289,0.0784374629686955
14470,48439102302,48,439,102302,3225.0,4795.0,67.26,,,,0.0003294602311143,0.100583579948027
14477,48439111312,48,439,111312,395.0,3350.0,11.79,,,,0.0010103112338129,0.15017590615394
14478,48439113001,48,439,113001,630.0,3515.0,17.92,,,,0.0010919913370344,0.168744016557563
14479,48439122801,48,439,122801,2960.0,3825.0,77.39,,,,8.73500962370599e-05,0.0593417244960645
14480,48439122802,48,439,122802,2415.0,4455.0,54.21,,,,0.0001711126114969,0.0636941721097777
14484,48439113917,48,439,113917,2055.0,6375.0,32.24,,,,0.0002319063530649,0.0692883543048525
14485,48439113912,48,439,113912,395.0,5915.0,6.68,,,,0.0008480337594392,0.143643062446334
14512,48439114104,48,439,114104,1305.0,5510.0,23.68,,,,0.0085984886979986,0.45557652683906
14518,48439113107,48,439,113107,380.0,2370.0,16.03,,,,0.0001609047492365,0.0654860429367585
14519,48439113108,48,439,113108,465.0,4375.0,10.63,,,,0.0005337781410617,0.122092033262562
14520,48439113110,48,439,113110,2820.0,4830.0,58.39,,,,0.0001749533194015,0.0527158196564802
14534,48439113215,48,439,113215,1300.0,4865.0,26.72,,,,0.00030673258766,0.076640004995132
14541,48439113924,48,439,113924,1470.0,4970.0,29.58,,,,0.0001527485237602,0.0589082189242062
14542,48439113102,48,439,113102,1850.0,5070.0,36.49,,,,0.0011298198637632,0.16278507746926
14543,48439113104,48,439,113104,1685.0,3130.0,53.83,,,,0.0001207809521019,0.0607107490729844
14555,48439102201,48,439,102201,1450.0,3585.0,40.45,,,,0.0004305634433876,0.118280327556078
14556,48439102202,48,439,102202,655.0,2650.0,24.72,,,,0.0001808943079595,0.0961685914544054
14576,48439101500,48,439,101500,2665.0,4580.0,58.19,,,,0.0003886619597324,0.099858723440054
14579,48439103800,48,439,103800,2890.0,3405.0,84.88,,,,0.0002797926513267,0.0813828228656217
14580,48439104201,48,439,104201,685.0,3045.0,22.5,,,,0.0003261427584675,0.0945024986684229
14581,48439113509,48,439,113509,2700.0,4405.0,61.29,,,,0.0002414972650512,0.062166018386442
14582,48439113510,48,439,113510,1560.0,4115.0,37.91,,,,0.000296382407896,0.0687296586624928
14622,48439111405,48,439,111405,1025.0,2155.0,47.56,,,,0.0017123850409461,0.248701992867858
14641,48439113111,48,439,113111,2940.0,4310.0,68.21,,,,0.0001378727406518,0.0687851005248198
14642,48439113624,48,439,113624,660.0,4050.0,16.3,,,,0.0002369951489527,0.0789529404503754
14661,48439113625,48,439,113625,490.0,3265.0,15.01,,,,0.0002007968698762,0.0732388296716884
14662,48439104504,48,439,104504,2610.0,2855.0,91.42,,,,0.0002841179598362,0.0898978963069097
14672,48439104900,48,439,104900,1195.0,2955.0,40.44,,,,0.0002352939759475,0.0668678128366989
14676,48439113520,48,439,113520,815.0,5105.0,15.96,,,,0.0001942621508987,0.0729520620103836
14677,48439113519,48,439,113519,1275.0,5590.0,22.81,,,,0.0002923140557413,0.0951997175767468
14716,48439111532,48,439,111532,2175.0,7645.0,28.45,,,,0.0004640873444259,0.103740138569408
14756,48439113221,48,439,113221,775.0,4245.0,18.26,,,,0.0002714408528845,0.0708754442119085
14757,48439110905,48,439,110905,925.0,4405.0,21.0,,,,0.0007396555160994,0.169180250381175
14758,48439105507,48,439,105507,835.0,6660.0,12.54,,,,0.0006611295600578,0.133811767958688
14759,48439111311,48,439,111311,370.0,5795.0,6.38,,,,0.0004202240450013,0.113423648485763
14770,48439114207,48,439,114207,1115.0,4980.0,22.39,,,,0.0036777472514586,0.350986491785624
14771,48439123100,48,439,123100,1885.0,2235.0,84.34,,,,0.0003804403961567,0.100819364844764
14772,48439101700,48,439,101700,1710.0,1920.0,89.06,,,,0.0003090819905082,0.0734442142861429
14773,48439111015,48,439,111015,525.0,2370.0,22.15,,,,0.0003216524305571,0.111246757335284
14778,48439103701,48,439,103701,3230.0,3860.0,83.68,,,,0.0001600141529252,0.0558914907837825
14779,48439113628,48,439,113628,1875.0,4035.0,46.47,,,,0.0002471347602295,0.0819947324213819
14780,48439113629,48,439,113629,1270.0,4005.0,31.71,,,,0.0002292905503509,0.0886670135703367
14781,48439113630,48,439,113630,1085.0,3930.0,27.61,,,,0.0001570673014157,0.0587417362012789
14787,48439111546,48,439,111546,1005.0,6705.0,14.99,,,,0.0004594013976202,0.1253036109311
14788,48439113109,48,439,113109,1640.0,3830.0,42.82,,,,0.0002423192411242,0.0725149582870132
14818,48439105403,48,439,105403,1640.0,5435.0,30.17,,,,0.0005315329792665,0.123230076656293
14819,48439106502,48,439,106502,915.0,2475.0,36.97,,,,0.0002372192445818,0.0716973401294197
14820,48439106503,48,439,106503,3165.0,5130.0,61.7,,,,0.0002697999118481,0.0708016659750691
14821,48439106507,48,439,106507,605.0,1850.0,32.7,,,,0.0001968220230992,0.0597069513309217
14822,48439111538,48,439,111538,1530.0,5545.0,27.59,,,,0.0002607976362014,0.0719323473064469
14823,48439111539,48,439,111539,1655.0,8405.0,19.69,,,,0.0004938981019222,0.096607190796446
14824,48439105510,48,439,105510,2430.0,7165.0,33.91,,,,0.0003704279047269,0.0900717443871111
14825,48439113909,48,439,113909,370.0,6680.0,5.54,,,,0.0008414273397647,0.13452773913794
14826,48439113910,48,439,113910,415.0,7090.0,5.85,,,,0.0026952390123824,0.244248025567453
14839,48439111204,48,439,111204,1575.0,5490.0,28.69,,,,0.0021309058520273,0.214567221097665
14840,48439111543,48,439,111543,3605.0,6780.0,53.17,,,,0.00019631243822,0.0590745920421373
14841,48439111544,48,439,111544,1935.0,7205.0,26.86,,,,0.0003604754326715,0.0753571412005775
14847,48439121704,48,439,121704,2535.0,3795.0,66.8,,,,0.0002035042127772,0.0684821612385817
14850,48439110805,48,439,110805,1960.0,5340.0,36.7,,,,0.0005399776985086,0.0964722888588175
14851,48439113920,48,439,113920,1015.0,5800.0,17.5,,,,0.0002347017577903,0.0635474951386146
14871,48439111505,48,439,111505,1385.0,4210.0,32.9,,,,0.0002410285505902,0.0663449979817066
14872,48439111514,48,439,111514,1775.0,6570.0,27.02,,,,0.0003394081466012,0.0840143207614766
14873,48439111516,48,439,111516,1900.0,5975.0,31.8,,,,0.0004179162076525,0.0827174484595355
14874,48439111521,48,439,111521,5430.0,8135.0,66.75,,,,0.0002580397331257,0.0646728222309991
14875,48439111522,48,439,111522,3545.0,7225.0,49.07,,,,0.0002498968003692,0.0633954540551775
14876,48439111523,48,439,111523,5305.0,8440.0,62.86,,,,0.0004596290275458,0.0949780782986065
14877,48439104604,48,439,104604,1960.0,2555.0,76.71,,,,0.0003201802815056,0.0916764767108299
14937,48439111540,48,439,111540,2130.0,6220.0,34.24,,,,0.0005878014271729,0.110883314797015
14938,48439111541,48,439,111541,1490.0,4180.0,35.65,,,,0.0001811673450902,0.062260092906176
14939,48439111542,48,439,111542,1565.0,6005.0,26.06,,,,0.0002391319060279,0.0650337563711561
14946,48439113213,48,439,113213,1065.0,2995.0,35.56,,,,0.0003525021118093,0.109487305714914
14947,48439113214,48,439,113214,1470.0,4565.0,32.2,,,,0.0002538092210215,0.070636116900511
14948,48439114103,48,439,114103,2270.0,16570.0,13.7,,,,0.0071074145637339,0.386950450605821
14957,48439111016,48,439,111016,1070.0,8120.0,13.18,,,,0.000756008713779,0.123793069515049
14958,48439111018,48,439,111018,605.0,2210.0,27.38,,,,0.0032427409200863,0.346248748918019
14959,48439105513,48,439,105513,1955.0,3395.0,57.58,,,,0.0001380908418013,0.0542795370171401
14983,48439113518,48,439,113518,2075.0,4825.0,43.01,,,,0.0001140489644058,0.0471804437914168
14984,48439105001,48,439,105001,3435.0,4805.0,71.49,,,,0.0006409419404462,0.112320659548495
14985,48439105006,48,439,105006,460.0,530.0,86.79,,,,0.0015346807920195,0.181689988162529
14986,48439106510,48,439,106510,1250.0,7915.0,15.79,,,,0.0008754321606829,0.118239883886981
15013,48439106514,48,439,106514,2255.0,5055.0,44.61,,,,0.0004250019749179,0.117104247433949
15031,48439113517,48,439,113517,1250.0,3610.0,34.63,,,,0.0001244254040102,0.0482943440162181
15032,48439113114,48,439,113114,1515.0,3725.0,40.67,,,,0.0011974435196862,0.148603592754282
15033,48439106518,48,439,106518,1085.0,2665.0,40.71,,,,0.0007537365811458,0.156199216472372
15054,48439105514,48,439,105514,1455.0,2475.0,58.79,,,,0.0002641798364493,0.076851195544208
15079,48439110101,48,439,110101,3930.0,7420.0,52.96,,,,0.0003330886313506,0.0847037457387074
15080,48439110102,48,439,110102,2410.0,3885.0,62.03,,,,0.0002844999492026,0.0913941639429793
15096,48439106515,48,439,106515,2710.0,4550.0,59.56,,,,0.000259115701283,0.0788966310523144
15097,48439111524,48,439,111524,4155.0,7570.0,54.89,,,,0.0003796358519139,0.0838178080491806
15098,48439106700,48,439,106700,1080.0,2200.0,49.09,,,,0.0016336211274392,0.182928026154855
15209,48439104505,48,439,104505,1820.0,2855.0,63.75,,,,0.0002648042479904,0.0807862562420943
15213,48439113808,48,439,113808,1830.0,6610.0,27.69,,,,0.0002915165639478,0.0744071843457002
15214,48439113809,48,439,113809,1815.0,4610.0,39.37,,,,0.0002395273593265,0.0783433362684849
15215,48439113810,48,439,113810,2145.0,4730.0,45.35,,,,0.0002692230029879,0.0885897665486794
15216,48439111103,48,439,111103,2515.0,3455.0,72.79,,,,0.0002650974397511,0.0853828894610806
15261,48439106509,48,439,106509,1450.0,4070.0,35.63,,,,0.0015964136684942,0.211504980379687
15282,48439111525,48,439,111525,2970.0,5560.0,53.42,,,,0.0005197746154408,0.106684568048833
15283,48439111530,48,439,111530,730.0,6190.0,11.79,,,,0.00048901256514,0.0966504985332785
15284,48439111531,48,439,111531,1120.0,4190.0,26.73,,,,0.0003345103066294,0.077422435434523
15285,48439111533,48,439,111533,1010.0,4970.0,20.32,,,,0.0003106922088136,0.0821180744032162
15395,48439980000,48,439,980000,,,0.0,,,,0.0043951487780304,0.374526956375144
15427,48439106511,48,439,106511,3125.0,6095.0,51.27,,,,0.0008457325186554,0.126725194702294
15514,48439106512,48,439,106512,2830.0,4930.0,57.4,,,,0.0002269887377224,0.0608399877290782
15515,48439106513,48,439,106513,1230.0,2875.0,42.78,,,,0.0002639086826548,0.0659546895101977
15518,48439106516,48,439,106516,3665.0,4600.0,79.67,,,,0.000174239683929,0.076008649729589
15519,48439106600,48,439,106600,1850.0,2565.0,72.12,,,,0.0003476415927252,0.0873360700343861
15522,48439121604,48,439,121604,2825.0,5065.0,55.77,,,,0.0002958624604616,0.109024748564557
15523,48439111402,48,439,111402,1360.0,6250.0,21.76,,,,0.0003445472830208,0.0783967841367516
15555,48439106517,48,439,106517,3195.0,7260.0,44.01,,,,0.0009592786173016,0.210165840696652
15617,48439111534,48,439,111534,895.0,6135.0,14.59,,,,0.0003249365652209,0.0924739841894391
68767,48439113929,48,439,113929,670.0,8585.0,7.8,,,,0.0004089153994755,0.0911650103275284
68771,48439113405,48,439,113405,2705.0,5835.0,46.36,,,,0.0004336585320743,0.0889867095158425
